  220621, 69304.135885879,   23,   47,   25,   37,   17,   39,   20,   39
  220621, 69304.186559603,   38,   58,   36,   60,   36,   46,   31,   57
  220621, 69304.964670181,   12,   33,   10,   29,    8,   21,    7,   24
  220621, 69323.924354613,   17,   33,   14,   35,    8,   30,   12,   30
  220621, 69328.680814862,   12,   34,   11,   28,    9,   21,    8,   34
  220621, 69328.792114556,   28,   47,   26,   45,   21,   44,   25,   42
  220621, 69333.862925828,   36,   53,   33,   55,   31,   46,   30,   51
  220621, 69334.137187362,   23,   43,   21,   44,   17,   42,   19,   41
  220621, 69334.153907925,   30,   52,   30,   48,   26,   43,   23,   53
  220621, 69338.128030717,    9,   27,   15,   33,   10,   25,    9,   28
  220621, 69344.805330634,   11,   31,   10,   31,    4,   22,    6,   33
  220621, 69345.000905440,   40,   58,   36,   59,   29,   50,   37,   54
  220621, 69350.053651839,   12,   32,    9,   31,    4,   25,    6,   33
  220621, 69383.700333059,   14,   32,   10,   36,    6,   24,   10,   27
  220621, 69392.552758038,   10,   30,    8,   27,    4,   18,    5,   26
  220621, 69392.758636773,   38,   53,   35,   57,   31,   48,   34,   50
  220621, 69406.300407797,   21,   39,   20,   39,   18,   30,   16,   37
  220621, 69420.726143420,    8,   27,    5,   29,    4,   13,    3,   19
  220621, 69422.153023481,   15,   37,   15,   33,   11,   22,   12,   33
  220621, 69422.471425354,    1,   17,    5,   35,    1,   17,    3,   22
  220621, 69429.725643575,   31,   55,   30,   53,   27,   48,   26,   47
  220621, 69430.398962766,   15,   34,    9,   33,    8,   21,   11,   29
  220621, 69445.193427756,   29,   48,   26,   45,   22,   36,   24,   45
  220621, 69461.341499090,   15,   35,   14,   34,   12,   26,    7,   45
  220621, 69468.720919371,   11,   32,   12,   31,    8,   23,    8,   24
  220621, 69469.249694034,   35,   57,   32,   54,   30,   47,   29,   62
  220621, 69478.522605538,   17,   38,   18,   41,   13,   29,   13,   32
  220621, 69479.361717761,   23,   40,   18,   39,   15,   32,   18,   38
  220621, 69482.932648480,   15,   33,   12,   37,   10,   24,    9,   27
  220621, 69543.293667853,   13,   35,   10,   35,    3,   29,    9,   28
  220621, 69545.985262990,   33,   58,   36,   55,   31,   44,   32,   51
  220621, 69561.584999382,   38,   54,   32,   55,   31,   44,   33,   49
  220621, 69566.057238080,   15,   41,   14,   40,    8,   26,   13,   30
  220621, 69569.512670159,   13,   40,   18,   37,   10,   27,   13,   34
  220621, 69579.488106042,   15,   43,   12,   49,   13,   25,   11,   40
  220621, 69583.312215328,   25,   43,   20,   42,   20,   30,   19,   39
  220621, 69633.412068129,   24,   44,   26,   40,   20,   37,   21,   38
  220621, 69654.063022360,   27,   46,   24,   51,   18,   39,   23,   43
  220621, 69655.637929976,   14,   30,   12,   31,    3,   31,   12,   26
  220621, 69675.403320074,   10,   36,   10,   30,    7,   22,    8,   28
  220621, 69689.845340371,   23,   42,   21,   40,   18,   32,   20,   36
  220621, 69690.113610998,   29,   43,   25,   48,   23,   37,   22,   50
  220621, 69705.606928885,   27,   60,   26,   63,   20,   37,   22,   66
  220621, 69723.961418331,    8,   35,    8,   27,    7,   17,    3,   29
  220621, 69724.503392756,   24,   41,   19,   50,   13,   39,   20,   36
  220621, 69725.474746227,   17,   33,   13,   25,   11,   24,    9,   33
  220621, 69740.279820949,   21,   48,   23,   45,   12,   27,   22,   42
  220621, 69741.103714362,   22,   44,   23,   44,   20,   31,   20,   40
  220621, 69741.190013796,   31,   54,   29,   56,   27,   45,   29,   48
  220621, 69753.381900072,   21,   46,   22,   37,   17,   34,   18,   35
  220621, 69763.266226649,    7,   31,    6,   27,    1,   17,    3,   21
  220621, 69790.689120412,    9,   29,    7,   26,   10,   16,    1,   29
  220621, 69809.269918114,   12,   29,   10,   35,    5,   21,   10,   27
  220621, 69825.628556967,   12,   32,   10,   28,    9,   23,    5,   29
  220621, 69856.872718155,   20,   39,   17,   37,   13,   26,   16,   32
  220621, 69877.149807960,   10,   29,    8,   29,    4,   20,    6,   23
  220621, 69877.616109431,   32,   57,   30,   56,   27,   42,   28,   49
  220621, 69879.527047217,   12,   35,   10,   38,    6,   26,    7,   33
  220621, 69905.938742220,   21,   35,   18,   37,   14,   26,   19,   30
  220621, 69907.006028920,   22,   46,   22,   47,   16,   40,   17,   39
  220621, 69931.707860410,   24,   42,   20,   41,   20,   30,   16,   44
  220621, 69945.954916418,   34,   59,   33,   53,   28,   50,   31,   58
  220621, 69950.770593464,   35,   55,   35,   53,   34,   40,   27,   53
  220621, 69957.675376713,   30,   53,   27,   50,   24,   37,   24,   51
  220621, 69963.814361930,    7,   30,    8,   22,    3,   15,    4,   22
  220621, 69967.151899561,   10,   26,    5,   26,    5,   20,    4,   20
  220621, 69983.467641711,   32,   49,   28,   47,   24,   38,   27,   44
  220621, 69991.999550700,   21,   45,   21,   43,   16,   33,   18,   36
  220621, 69994.160475925,   32,   65,   36,   52,   29,   49,   31,   51
  220621, 69996.959990978,   33,   52,   27,   47,   22,   44,   29,   45
  220621, 69997.228798166,   36,   53,   33,   46,   28,   40,   30,   46
  220621, 69998.230829954,   21,   40,   18,   44,   13,   31,   17,   33
  220621, 70018.287469566,   31,   53,   34,   53,   30,   41,   30,   47
  220621, 70021.861811280,   16,   38,   14,   36,   13,   30,    9,   44
  220621, 70027.963480771,   15,   36,   14,   35,    9,   26,   10,   34
  220621, 70040.128519565,   30,   46,   29,   47,   24,   41,   25,   47
  220621, 70047.455929309,   11,   26,    3,   29,    4,   18,    4,   23
  220621, 70048.638170898,   18,   39,   15,   35,   10,   27,   15,   34
  220621, 70064.734585643,   34,   63,   31,   54,   31,   43,   31,   49
  220621, 70067.178734958,   24,   48,   23,   45,   18,   36,   22,   38
  220621, 70104.825976908,   23,   44,   22,   38,   18,   32,   20,   36
  220621, 70131.112271681,   14,   32,   12,   33,    7,   31,    9,   32
  220621, 70142.204452038,   36,   57,   35,   55,   28,   44,   33,   51
  220621, 70149.564464509,   13,   39,   13,   32,    6,   24,   10,   25
  220621, 70155.679024458,   25,   42,   22,   42,   18,   32,   21,   38
  220621, 70169.947857559,   23,   38,   14,   47,   13,   29,   18,   33
  220621, 70208.529511631,   20,   43,   20,   41,   15,   40,   14,   37
  220621, 70218.163857877,   36,   55,   33,   53,   28,   47,   32,   52
  220621, 70236.956555903,   10,   27,    5,   34,    0,   42,    2,   45
  220621, 70243.138539240,   30,   58,   29,   56,   25,   42,   25,   49
  220621, 70249.850032568,   34,   66,   36,   59,   31,   46,   33,   51
  220621, 70258.659689307,   11,   25,    3,   32,    2,   27,    6,   25
  220621, 70259.121123239,    7,   35,    6,   35,    3,   16,    4,   23
  220621, 70271.012264800,   13,   31,    9,   34,    7,   22,    5,   28
  220621, 70288.414889455,    9,   22,    2,   26,    2,   15,    2,   20
  220621, 70297.347952247,   24,   32,   12,   26,   13,   31,   15,   34
  220621, 70303.894059598,   29,   41,   21,   43,   20,   38,   22,   41
  220621, 70314.692761421,   17,   32,   14,   36,   10,   25,   11,   29
  220621, 70326.232817873,   12,   37,   13,   32,    7,   30,    8,   35
  220621, 70328.336327046,   35,   62,   35,   55,   31,   51,   33,   52
  220621, 70339.338884920,   14,   33,   14,   32,   11,   24,    8,   32
  220621, 70353.538399458,   21,   45,   21,   34,   12,   34,   18,   40
  220621, 70357.514367104,   37,   51,   29,   50,   27,   46,   28,   55
  220621, 70377.026330760,   35,   54,   33,   54,   30,   48,   30,   50
  220621, 70387.494019955,   26,   51,   24,   48,   21,   36,   21,   42
  220621, 70393.005759200,   20,   42,   19,   37,   17,   26,   13,   36
  220621, 70409.385574043,   20,   38,   18,   34,   14,   36,   15,   36
  220621, 70421.946081936,   36,   52,   35,   51,   32,   42,   27,   51
  220621, 70448.626561344,   25,   56,   29,   47,   27,   38,   27,   46
  220621, 70458.482857466,   30,   50,   28,   48,   23,   47,   24,   52
  220621, 70463.239793554,   30,   62,   28,   67,   24,   41,   22,   51
  220621, 70466.517622292,   31,   53,   33,   53,   27,   43,   31,   46
  220621, 70493.485852391,   31,   49,   29,   54,   24,   40,   28,   44
  220621, 70525.038087599,   23,   41,   23,   39,   18,   34,   18,   42
  220621, 70527.895066381,   19,   36,   17,   35,   13,   30,   14,   33
  220621, 70528.581534743,   12,   42,   10,   35,    7,   28,   10,   29
  220621, 70530.673220158,   32,   50,   26,   52,   24,   43,   26,   46
  220621, 70531.571209610,   11,   33,   10,   26,    6,   22,    6,   24
  220621, 70547.380280733,   19,   42,   17,   38,   13,   29,   14,   34
  220621, 70556.018546080,   28,   49,   30,   49,   23,   48,   27,   46
  220621, 70556.969205141,   18,   48,   21,   37,   16,   30,   18,   36
  220621, 70603.370615095,   27,   46,   28,   43,   22,   39,   24,   40
  220621, 70605.119705804,   23,   44,   24,   43,   19,   36,   19,   43
  220621, 70608.885871708,   11,   31,    9,   27,    4,   24,    7,   29
  220621, 70614.188493043,   34,   74,   32,   73,   31,   69,   32,   76
  220621, 70634.926406264,   32,   53,   26,   50,   22,   48,   27,   49
  220621, 70644.418382764,   31,   54,   30,   47,   27,   39,   26,   46
  220621, 70644.982703865,    4,   27,    6,   24,    0,   16,    2,   21
  220621, 70651.550585508,   31,   47,   38,   53,   33,   46,   33,   51
  220621, 70667.567546427,    9,   35,   14,   27,    6,   24,    8,   29
  220621, 70669.445955485,   10,   35,   10,   28,    7,   27,    6,   35
  220621, 70681.340848029,   13,   33,   12,   32,    7,   22,    8,   27
  220621, 70682.329490393,   32,   56,   28,   52,   27,   43,   27,   45
  220621, 70683.186414242,   28,   50,   28,   46,   24,   42,   24,   40
  220621, 70693.300565720,   26,   45,   22,   44,   22,   33,   21,   41
  220621, 70694.817478538,   11,   32,    5,   38,    4,   17,    4,   28
  220621, 70700.918808341,   37,   55,   35,   52,   28,   47,   33,   52
  220621, 70719.616334915,   17,   41,   16,   38,   11,   28,   13,   31
  220621, 70732.348544568,   25,   46,   23,   46,   19,   37,   22,   42
  220621, 70736.891553342,   22,   40,   21,   44,   14,   35,   18,   50
  220621, 70749.308412850,   14,   33,   14,   30,    7,   27,   11,   27
  220621, 70751.219267204,   33,   51,   25,   49,   25,   42,   27,   44
  220621, 70761.299220771,   29,   49,   29,   45,   22,   44,   24,   44
  220621, 70763.116811238,   35,   54,   33,   53,   29,   43,   29,   51
  220621, 70767.473349392,   18,   41,   16,   40,   14,   31,   13,   34
  220621, 70771.077228121,   13,   34,   11,   30,    9,   22,    8,   26
  220621, 70797.086249441,   14,   32,    8,   27,    6,   22,    8,   25
  220621, 70797.251279563,   21,   39,   21,   38,   15,   32,   18,   35
  220621, 70807.751570821,   35,   72,   32,   55,   28,   51,   33,   50
  220621, 70815.486314893,   16,   33,   17,   33,   14,   23,   12,   28
  220621, 70822.568188608,   17,   41,   21,   38,   15,   31,   16,   36
  220621, 70831.835088193,   16,   36,   13,   38,   12,   22,   10,   33
  220621, 70838.661719799,    7,   24,    4,   23,   11,   28,   14,   29
  220621, 70839.056545600,   13,   36,   13,   41,    8,   27,   11,   33
  220621, 70839.241613686,   32,   55,   29,   57,   26,   42,   29,   43
  220621, 70851.869866788,   33,   65,   39,   56,   30,   48,   35,   53
  220621, 70861.242780164,   25,   43,   21,   43,   20,   32,   18,   40
  220621, 70891.742847383,   11,   30,   10,   33,    3,   27,    6,   25
  220621, 70894.436984390,   21,   46,   19,   39,   14,   33,   17,   36
  220621, 70900.323523968,   10,   30,    7,   28,    5,   22,    6,   25
  220621, 70903.597721159,   30,   51,   28,   47,   24,   43,   26,   47
  220621, 70904.029801721,   23,   41,   18,   39,   13,   32,   18,   36
  220621, 70911.283418894,   11,   32,   10,   29,    6,   24,    7,   29
  220621, 70934.593909919,   18,   37,   17,   34,    9,   27,   12,   31
  220621, 70935.418822706,    8,   28,    6,   27,    2,   16,    4,   23
  220621, 70937.211111486,   36,   54,   34,   54,   25,   50,   34,   52
  220621, 70954.991918445,   17,   36,   18,   33,   10,   29,   16,   34
  220621, 70965.741259813,   35,   57,   35,   54,   29,   47,   32,   56
  220621, 70978.116706759,    6,   22,   11,   28,    5,   22,    6,   31
  220621, 70982.780023694,   11,   39,   13,   34,    8,   24,   12,   26
  220621, 70986.570402026,   10,   24,    2,   27,    2,   17,    1,   26
  220621, 71027.453088075,   19,   41,   19,   35,   13,   30,   16,   32
  220621, 71032.720479488,    7,   31,    5,   29,    6,   16,    1,   21
  220621, 71037.038885400,   19,   35,   12,   47,   14,   47,   13,   53
  220621, 71042.694367170,   28,   57,   29,   51,   23,   49,   22,   63
  220621, 71052.861613929,   32,   65,   30,   59,   28,   47,   31,   48
  220621, 71056.336899787,    7,   27,    8,   27,    4,   16,    4,   28
  220621, 71067.870904267,    3,   26,    5,   25,    0,   15,    1,   19
  220621, 71090.711578012,   20,   35,   13,   36,   15,   26,   13,   31
  220621, 71101.517131388,   19,   40,   18,   37,   12,   29,   16,   32
  220621, 71119.574930310,   12,   30,   11,   31,    8,   23,    7,   28
  220621, 71122.836166024,   36,   57,   36,   55,   34,   46,   31,   53
  220621, 71125.030579120,    5,   21,    4,   24,    0,   21,    1,   29
  220621, 71146.006717760,   21,   39,   27,   42,   21,   41,   19,   40
  220621, 71147.352043718,   17,   37,   16,   31,   12,   28,    7,   35
  220621, 71153.800041616,   36,   57,   33,   54,   31,   45,   30,   50
  220621, 71157.299365371,   28,   46,   29,   44,   22,   36,   21,   55
  220621, 71162.783177733,   10,   30,    5,   32,    3,   19,    1,   25
  220621, 71164.892321050,   17,   38,   16,   36,   12,   28,   15,   32
  220621, 71169.833200037,    7,   30,    8,   24,    3,   19,    4,   24
  220621, 71192.469007969,   32,   52,   30,   49,   30,   41,   25,   48
  220621, 71196.954184830,   14,   37,   14,   34,   11,   25,   12,   30
  220621, 71197.684146821,   37,   59,   37,   51,   33,   48,   31,   57
  220621, 71203.700278640,   15,   32,   10,   36,    7,   25,   12,   30
  220621, 71227.771688521,   16,   33,   12,   33,   12,   25,   13,   29
  220621, 71233.396618843,   30,   50,   27,   47,   24,   38,   26,   45
  220621, 71235.232717276,    8,   29,    7,   23,    0,   21,    4,   20
  220621, 71239.521657407,   31,   50,   30,   50,   27,   41,   24,   46
  220621, 71245.953010738,   16,   42,   12,   36,   12,   25,    9,   30
  220621, 71247.670930266,   27,   43,   25,   43,   23,   32,   21,   43
  220621, 71257.054788198,   22,   43,   20,   39,   16,   33,   16,   41
  220621, 71277.931577504,   31,   49,   29,   44,   24,   49,   24,   52
  220621, 71291.283350676,   16,   37,   15,   33,   10,   27,   11,   29
  220621, 71297.335493892,   34,   55,   33,   53,   28,   45,   30,   47
  220621, 71305.263021350,   15,   35,   13,   35,   12,   24,    8,   32
  220621, 71316.009508040,   14,   40,   10,   -1,    7,   37,    6,   47
  220621, 71316.666155100,   25,   44,   21,   41,   20,   36,   18,   43
  220621, 71326.775542200,   22,   43,   21,   37,   16,   34,   20,   37
  220621, 71333.188468441,   18,   37,   12,   40,   13,   24,   10,   34
  220621, 71358.988565862,   17,   40,   19,   32,   13,   30,   15,   33
  220621, 71365.693243742,   34,   57,   36,   56,   29,   49,   30,   62
  220621, 71372.309513718,   30,   47,   22,   39,   23,   40,   22,   47
  220621, 71410.713694692,   15,   36,   12,   31,    8,   30,    9,   34
  220621, 71412.162759766,   18,   37,   16,   38,   15,   21,   12,   38
  220621, 71423.098930441,   20,   48,   17,   47,   17,   36,   12,   41
  220621, 71453.583206475,   10,   30,   10,   31,    5,   22,    6,   24
  220621, 71462.588694990,   33,   53,   32,   54,   31,   42,   30,   46
  220621, 71479.522634506,   15,   38,   14,   35,   10,   25,   11,   31
  220621, 71480.570551932,   24,   46,   24,   47,   17,   30,   24,   36
  220621, 71493.148233518,    7,   29,    6,   28,    2,   17,    3,   21
  220621, 71495.373221010,   18,   42,   22,   45,   14,   33,   19,   37
  220621, 71496.698436916,    9,   29,    9,   25,    4,   20,    5,   24
  220621, 71511.046853442,    9,   28,    5,   25,    4,   14,    2,   24
  220621, 71512.918844461,   33,   52,   28,   52,   26,   40,   26,   44
  220621, 71517.046822522,   32,   51,   31,   50,   25,   38,   30,   46
  220621, 71521.263907909,   21,   39,   16,   36,   12,   31,   16,   36
  220621, 71527.399141788,   28,   47,   21,   46,   20,   34,   22,   41
  220621, 71529.150047481,   17,   33,   14,   33,   12,   25,   11,   31
  220621, 71551.699150622,    4,   27,    7,   26,    1,   14,    3,   20
  220621, 71553.174757957,   23,   38,   18,   37,   18,   31,   18,   35
  220621, 71555.689233601,    6,   36,    4,   41,    1,   39,    1,   37
  220621, 71558.654442787,    9,   26,    5,   22,    4,   17,    1,   16
  220621, 71565.474295408,   37,   56,   34,   57,   30,   53,   33,   55
  220621, 71572.227255598,    8,   29,    9,   27,    6,   20,    4,   23
  220621, 71575.246202394,   17,   32,   11,   32,    6,   23,    9,   34
  220621, 71588.615876496,   36,   54,   29,   55,   29,   42,   30,   50
  220621, 71593.920053482,   20,   45,   18,   36,   11,   37,   16,   41
  220621, 71613.209701076,    9,   35,   14,   29,    7,   22,   10,   25
  220621, 71618.316134691,   38,   58,   35,   59,   31,   49,   35,   51
  220621, 71621.833410680,   36,   56,   35,   52,   32,   43,   29,   51
  220621, 71627.887386858,   37,   54,   34,   56,   30,   52,   32,   48
  220621, 71637.230544955,   30,   52,   29,   46,   27,   38,   24,   45
  220621, 71648.657411635,   35,   49,   30,   50,   27,   44,   28,   53
  220621, 71655.599630058,   33,   52,   31,   53,   30,   41,   26,   48
  220621, 71658.780520201,   13,   29,    9,   31,    6,   24,    8,   27
  220621, 71666.563448548,   19,   38,   16,   39,   13,   31,   15,   30
  220621, 71677.398154527,    6,   26,    5,   24,    2,   17,    1,   22
  220621, 71708.409071565,    6,   31,    4,   26,    2,   20,    2,   28
  220621, 71711.382702649,   26,   47,   24,   44,   15,   30,   24,   38
  220621, 71731.421194673,   20,   39,   18,   35,   17,   29,   14,   38
  220621, 71733.045975000,   29,   46,   27,   49,   27,   62,   28,   -1
  220621, 71733.558368862,   16,   34,   13,   37,   11,   24,   11,   29
  220621, 71740.547049224,   23,   41,   20,   38,   16,   30,   17,   39
  220621, 71740.751538336,   13,   32,   13,   28,    8,   25,    7,   27
  220621, 71745.784283459,   15,   33,   15,   30,    9,   28,   11,   31
  220621, 71750.349178880,   11,   27,    5,   29,    4,   19,    3,   20
  220621, 71762.650751650,   26,   47,   24,   46,   20,   38,   22,   43
  220621, 71791.823771358,   17,   40,   17,   34,   13,   29,   12,   41
  220621, 71795.201600760,   35,   63,   33,   68,   31,   47,   31,   61
  220621, 71808.737466455,   34,   61,   30,   64,   33,   43,   29,   53
  220621, 71812.664022803,   18,   36,   16,   36,   11,   30,   12,   34
  220621, 71813.807299912,   29,   51,   32,   47,   22,   41,   29,   43
  220621, 71816.171031684,   25,   50,   28,   44,   22,   42,   24,   51
  220621, 71818.909933031,   24,   49,   25,   43,   15,   60,   20,   43
  220621, 71831.639134526,   25,   45,   24,   43,   20,   36,   21,   42
  220621, 71839.141907558,   24,   46,   20,   45,   17,   35,   20,   41
  220621, 71850.038657561,    9,   28,    4,   25,    2,   23,    1,   29
  220621, 71881.417982489,   32,   49,   27,   62,   26,   46,   27,   44
  220621, 71913.426398516,   27,   45,   21,   44,   19,   33,   21,   41
  220621, 71923.369109213,   14,   41,   18,   38,   11,   35,   12,   41
  220621, 71937.773734748,   31,   48,   23,   53,   25,   40,   21,   46
  220621, 71942.655280292,   35,   53,   37,   48,   31,   43,   30,   48
  220621, 71944.101132520,   27,   45,   24,   44,   22,   40,   19,   41
  220621, 71950.004806200,   30,   51,   27,   45,   26,   40,   24,   47
  220621, 71952.878548026,    4,   25,    5,   25,    1,   14,    2,   20
  220621, 71958.198818073,   15,   31,   10,   37,    8,   26,    9,   30
  220621, 71958.373598754,   35,   55,   35,   54,   31,   44,   31,   47
  220621, 71991.857794583,   30,   54,   31,   51,   24,   44,   27,   45
  220621, 72004.849171638,   31,   55,   31,   50,   26,   38,   27,   45
  220621, 72010.600367904,    8,   26,    5,   23,    3,   12,    0,   27
  220621, 72011.781435192,   38,   63,   33,   62,   31,   53,   34,   53
  220621, 72017.121557638,   35,   53,   26,   42,   30,   41,   26,   52
  220621, 72021.057535321,   31,   49,   29,   52,   26,   40,   26,   49
  220621, 72021.150618240,   35,   59,   34,   58,   30,   47,   33,   51
  220621, 72027.251935214,   16,   36,   13,   38,   11,   26,   11,   38
  220621, 72030.351197273,   23,   44,   21,   44,   15,   36,   17,   39
  220621, 72041.450807571,   18,   41,   17,   38,   16,   26,   15,   35
  220621, 72045.067384519,   17,   36,   11,   35,   11,   25,   12,   31
  220621, 72050.440392286,   16,   35,   15,   30,   12,   24,    9,   37
  220621, 72073.767812788,   29,   46,   27,   39,   21,   40,   25,   39
  220621, 72087.481964588,   31,   52,   27,   54,   26,   43,   24,   54
  220621, 72098.801989615,   22,   44,   22,   38,   18,   32,   18,   39
  220621, 72116.031002039,    7,   25,    5,   23,    2,   11,    2,   21
  220621, 72144.082371242,   37,   55,   34,   52,   30,   47,   31,   49
  220621, 72149.445278555,   10,   28,    6,   26,    2,   18,    5,   28
  220621, 72150.082331680,    9,   28,    7,   30,    4,   21,    2,   30
  220621, 72163.065174364,   28,   52,   29,   46,   23,   40,   26,   42
  220621, 72173.374361306,   35,   63,   33,   57,   28,   63,   30,   69
  220621, 72177.880648494,   28,   54,   24,   48,   21,   36,   22,   46
  220621, 72210.316794872,   12,   33,   11,   28,   13,   25,   10,   29
  220621, 72220.976023912,   37,   58,   35,   57,   31,   48,   32,   56
  220621, 72225.230758920,   23,   40,   18,   50,   18,   42,   17,   55
  220621, 72230.895384014,   26,   43,   19,   57,   19,   41,   19,   41
  220621, 72241.383923799,   14,   34,   13,   29,    9,   24,    9,   30
  220621, 72251.842217803,   20,   40,   18,   39,    9,   38,   17,   32
  220621, 72256.485055476,   33,   53,   30,   52,   26,   48,   28,   46
  220621, 72264.680440664,   24,   41,   23,   39,   22,   33,   19,   42
  220621, 72268.697575927,    8,   25,    5,   26,    0,   24,    3,   27
  220621, 72277.110489562,   33,   55,   32,   55,   29,   43,   28,   49
  220621, 72283.390759319,   21,   41,   20,   42,   16,   38,   15,   42
  220621, 72298.457387120,   27,   48,   25,   49,   22,   38,   23,   40
  220621, 72302.667788386,   18,   39,   15,   36,    9,   28,   15,   28
  220621, 72304.858398676,   22,   44,   19,   37,   17,   31,   17,   35
  220621, 72309.399226427,   31,   51,   26,   56,   24,   42,   24,   46
  220621, 72311.568772495,   30,   48,   25,   49,   22,   40,   23,   50
  220621, 72317.853495121,   26,   49,   23,   59,   22,   41,   20,   40
  220621, 72324.543461978,   20,   46,   17,   46,   16,   32,   15,   38
  220621, 72341.618500710,    3,   37,    8,   31,    0,   23,    4,   23
  220621, 72359.211838439,   24,   52,   25,   46,   21,   39,   23,   42
  220621, 72365.235341087,    7,   30,    9,   24,    2,   17,    5,   24
  220621, 72368.746605217,   18,   43,   20,   31,   12,   35,   11,   45
  220621, 72384.330914825,   34,   55,   33,   53,   30,   47,   31,   49
  220621, 72384.427301586,   14,   39,   13,   36,    6,   27,    9,   29
  220621, 72384.601421416,   26,   44,   26,   42,   21,   34,   20,   39
  220621, 72396.475708038,    7,   25,    4,   25,    2,   15,    1,   22
  220621, 72396.915667415,   19,   37,   19,   34,   14,   28,   14,   39
  220621, 72425.553056061,   19,   38,   15,   37,   12,   29,   15,   34
  220621, 72454.357587039,    3,   33,    8,   25,    1,   21,    2,   27
  220621, 72472.787028790,   29,   51,   31,   50,   28,   39,   25,   43
  220621, 72477.116745122,   22,   42,   20,   39,   19,   27,   17,   36
  220621, 72485.256265849,   16,   35,   14,   34,   12,   23,   10,   30
  220621, 72501.703779936,   20,   44,   23,   40,   15,   39,   18,   38
  220621, 72507.180298999,   24,   39,   19,   39,   15,   37,   17,   35
  220621, 72525.688222110,   39,   61,   33,   60,   29,   51,   34,   51
  220621, 72540.408474535,   33,   49,   29,   54,   28,   39,   24,   51
  220621, 72542.294770002,   13,   35,   11,   38,    5,   26,    8,   29
  220621, 72549.510671973,   24,   41,   19,   48,   18,   35,   15,   37
  220621, 72550.090880319,   30,   47,   26,   49,   27,   38,   26,   43
  220621, 72571.338843733,   25,   41,   19,   56,   16,   34,   21,   36
  220621, 72571.656258047,   23,   45,   22,   42,   15,   43,   16,   56
  220621, 72576.195586398,   14,   -1,   15,   52,   10,   42,   10,   51
  220621, 72584.048840638,   32,   51,   32,   49,   23,   46,   29,   51
  220621, 72589.760179341,   12,   31,    4,   20,    6,   20,    6,   23
  220621, 72605.605327845,   22,   62,   21,   56,   17,   50,   18,   54
  220621, 72622.604097128,   14,   36,   13,   32,    9,   30,   10,   37
  220621, 72624.861563027,   17,   44,   15,   39,   14,   26,   13,   38
  220621, 72626.568942010,   10,   26,    4,   27,    0,   25,    4,   23
  220621, 72630.987352252,    5,   24,    7,   26,    0,   22,    2,   28
  220621, 72634.374299526,   37,   58,   35,   55,   31,   49,   31,   50
  220621, 72655.733772695,    8,   29,    6,   27,    3,   16,    3,   25
  220621, 72663.444394231,    8,   16,   10,   21,    6,   18,    3,   20
  220621, 72676.736303151,   30,   52,   30,   49,   25,   40,   26,   47
  220621, 72680.403572083,   21,   38,   16,   35,   14,   32,   14,   33
  220621, 72689.920526862,   34,   53,   30,   53,   29,   43,   29,   54
  220621, 72694.037322920,   28,   46,   26,   42,   24,   35,   19,   47
  220621, 72705.691709280,   25,   45,   23,   43,   21,   36,   17,   47
  220621, 72717.233870044,   26,   47,   24,   41,   22,   35,   19,   39
  220621, 72731.233047798,   24,   45,   18,   42,   16,   35,   18,   36
  220621, 72736.377641350,   20,   45,   23,   44,   19,   35,   21,   35
  220621, 72740.154206246,   11,   34,    5,   30,    5,   20,   10,   25
  220621, 72755.820344269,   15,   34,   15,   33,   12,   24,   11,   32
  220621, 72768.337943763,   24,   44,   23,   40,   16,   42,   21,   47
  220621, 72782.329322487,   32,   58,   31,   50,   24,   43,   30,   46
  220621, 72791.269483715,   10,   25,    8,   20,    3,   15,    5,   21
  220621, 72794.042732120,   33,   62,   30,   66,   28,   47,   32,   48
  220621, 72796.533920407,    8,   28,    7,   30,    2,   19,    6,   24
  220621, 72804.145522520,    9,   24,    7,   22,    4,   18,    7,   20
  220621, 72817.584716797,   37,   66,   40,   59,   31,   54,   36,   54
  220621, 72819.376189649,   34,   52,   32,   51,   27,   47,   30,   50
  220621, 72821.321529090,   25,   57,   23,   53,   19,   45,   21,   43
  220621, 72822.624245048,   34,   51,   30,   53,   27,   47,   30,   49
  220621, 72832.895519137,    8,   25,    4,   24,    0,   16,    2,   20
  220621, 72843.074430443,   21,   38,   16,   38,   16,   24,   12,   35
  220621, 72844.128453165,   16,   42,   14,   40,   10,   30,   15,   31
  220621, 72849.409605414,   15,   38,   14,   33,   10,   24,   13,   31
  220621, 72854.870505989,   33,   50,   32,   47,   25,   42,   28,   47
  220621, 72868.151756003,   16,   37,   14,   37,   12,   30,   12,   30
  220621, 72878.160726398,   14,   35,   13,   31,    5,   28,   13,   27
  220621, 72879.512392282,   15,   35,   13,   35,    7,   25,   13,   30
  220621, 72889.353246838,   13,   32,   12,   30,   10,   20,    8,   32
  220621, 72896.015699800,   22,   42,   21,   43,   19,   32,   18,   37
  220621, 72897.944968224,   19,   45,   23,   38,   15,   41,   15,   43
  220621, 72907.582965136,   21,   40,   19,   40,   13,   43,   15,   48
  220621, 72909.584634542,   35,   58,   32,   63,   30,   45,   31,   52
  220621, 72913.701726377,   17,   34,   16,   33,    8,   27,   14,   32
  220621, 72935.075861640,   29,   50,   31,   52,   23,   47,   28,   46
  220621, 72939.518706083,   22,   39,   19,   39,   14,   33,   17,   35
  220621, 72993.790943325,   24,   49,   27,   43,   21,   39,   21,   45
  220621, 72998.657724202,   22,   44,   22,   43,   19,   34,   17,   49
  220621, 73011.051695161,   35,   54,   33,   51,   30,   44,   29,   50
  220621, 73017.997131526,   26,   45,   23,   43,   20,   39,   22,   44
  220621, 73019.762712479,   26,   57,   27,   49,   26,   37,   21,   43
  220621, 73043.301642478,   18,   37,   18,   37,   12,   30,   13,   32
  220621, 73092.323289126,   23,   41,   19,   43,   18,   36,   18,   36
  220621, 73092.492551237,   22,   45,   23,   39,   15,   33,   20,   40
  220621, 73119.440697372,   29,   50,   28,   46,   23,   41,   27,   41
  220621, 73120.075891040,   34,   54,   33,   51,   26,   45,   30,   56
  220621, 73126.252156526,   29,   47,   26,   51,   26,   40,   22,   50
  220621, 73134.829710007,    4,   21,    2,   20,    1,   14,    0,   19
  220621, 73135.785829186,   29,   63,   30,   60,   19,   51,   26,   46
  220621, 73137.447231233,   19,   35,   13,   34,   11,   30,   14,   30
  220621, 73148.632090867,   10,   28,    8,   28,    4,   18,    4,   26
  220621, 73151.353880912,   15,   37,   15,   37,   11,   31,    9,   39
  220621, 73167.294747949,   15,   43,   13,   37,   10,   25,   11,   33
  220621, 73171.752496779,    9,   26,    6,   26,    2,   18,    5,   29
  220621, 73174.812304616,   32,   50,   30,   47,   30,   38,   27,   43
  220621, 73182.693302333,   23,   39,   20,   40,   16,   29,   18,   35
  220621, 73186.052227359,   22,   37,   18,   42,   21,   26,   16,   37
  220621, 73200.704495668,   19,   35,   15,   37,   14,   28,   11,   32
  220621, 73201.319059610,   24,   41,   21,   46,   19,   33,   17,   41
  220621, 73204.610730708,   36,   57,   36,   54,   29,   48,   31,   55
  220621, 73209.829203129,   13,   35,   12,   32,    9,   24,   10,   29
  220621, 73218.681867182,   37,   58,   37,   50,   31,   47,   34,   49
  220621, 73233.227898479,   34,   56,   32,   49,   31,   45,   29,   47
  220621, 73239.701138556,   27,   46,   24,   47,   20,   36,   22,   38
  220621, 73239.872523785,   18,   37,   13,   33,   13,   24,   10,   32
  220621, 73244.532762349,   28,   48,   29,   45,   24,   36,   23,   41
  220621, 73247.801791251,   26,   53,   27,   53,   23,   36,   24,   43
  220621, 73255.844559252,   26,   51,   28,   48,   24,   37,   25,   42
  220621, 73268.789826334,   35,   56,   36,   56,   30,   46,   32,   51
  220621, 73275.319892406,   20,   38,   17,   39,   15,   28,   15,   37
  220621, 73278.181125075,   14,   45,   14,   28,    6,   31,   12,   32
  220621, 73279.236249685,   22,   51,   22,   41,   16,   34,   16,   39
  220621, 73287.221664399,   15,   34,   17,   34,   10,   28,   10,   35
  220621, 73287.599691629,   10,   26,    2,   29,    2,   18,    4,   23
  220621, 73289.136073843,   20,   46,   22,   39,   18,   31,   19,   37
  220621, 73299.292192042,   19,   34,   15,   34,   14,   25,   10,   31
  220621, 73301.060882241,   11,   30,    8,   30,    4,   20,    6,   29
  220621, 73303.750245452,   35,   59,   39,   57,   31,   51,   34,   51
  220621, 73306.951386273,   33,   48,   28,   50,   27,   43,   26,   45
  220621, 73308.616986990,   22,   46,   22,   43,   21,   31,   19,   37
  220621, 73313.875936270,   14,   40,   14,   33,    9,   30,   12,   28
  220621, 73326.243253365,   21,   45,   22,   41,   17,   33,   17,   40
  220621, 73330.812894344,   18,   37,   16,   40,   16,   26,   13,   35
  220621, 73367.724885821,   17,   35,   15,   37,   11,   27,   14,   30
  220621, 73389.901776314,   27,   51,   29,   45,   23,   40,   23,   47
  220621, 73431.824467540,   10,   27,   10,   29,    7,   18,    7,   24
  220621, 73433.956835449,   24,   46,   22,   50,   20,   37,   19,   42
  220621, 73450.432232529,    9,   31,    9,   28,    5,   18,    5,   28
  220621, 73477.970215499,    8,   27,    6,   24,    2,   19,    2,   20
  220621, 73480.478162974,    5,   36,    5,   43,    2,   22,    3,   37
  220621, 73499.714632571,   30,   46,   27,   45,   23,   39,   24,   52
  220621, 73500.846596301,   30,   50,   32,   47,   26,   41,   25,   47
  220621, 73503.183073640,   36,   52,   34,   54,   31,   43,   31,   50
  220621, 73505.539782405,   27,   45,   25,   44,   21,   38,   23,   44
  220621, 73523.129401594,   30,   48,   26,   53,   25,   39,   24,   46
  220621, 73535.498595506,    9,   31,    9,   29,    4,   20,    5,   21
  220621, 73539.842139125,    7,   23,    5,   21,    1,   13,    2,   17
  220621, 73542.569685638,   16,   33,   14,   33,   10,   32,   10,   32
  220621, 73547.211562246,   35,   54,   32,   51,   28,   46,   33,   49
  220621, 73581.412482917,    8,   29,    6,   26,    4,   18,    3,   22
  220621, 73582.128850639,   31,   50,   26,   47,   25,   35,   25,   44
  220621, 73583.409061849,   34,   59,   35,   52,   32,   47,   31,   51
  220621, 73589.067036480,   38,   60,   34,   57,   31,   54,   31,   57
  220621, 73594.268680751,   19,   40,   18,   39,   16,   28,   14,   36
  220621, 73615.780918419,   15,   34,   13,   32,   10,   28,    9,   37
  220621, 73619.095523320,   31,   50,   32,   55,   31,   42,   30,   46
  220621, 73654.057603721,   39,   57,   36,   59,   33,   49,   31,   64
  220621, 73657.917932332,   28,   52,   31,   46,   27,   36,   25,   49
  220621, 73665.050671961,   32,   60,   35,   61,   30,   45,   32,   51
  220621, 73679.317849666,   30,   60,   34,   50,   27,   44,   28,   48
  220621, 73698.028613679,   24,   53,   31,   46,   26,   40,   22,   40
  220621, 73698.264505118,   38,   63,   39,   56,   28,   44,   38,   52
  220621, 73702.248076633,    7,   28,    9,   29,    4,   20,    3,   30
  220621, 73720.255335271,   34,   49,   29,   50,   26,   42,   29,   47
  220621, 73724.168651044,   31,   54,   34,   51,   30,   47,   29,   49
  220621, 73731.646357358,   25,   48,   23,   43,   21,   34,   19,   46
  220621, 73744.586673677,   31,   53,   32,   48,   24,   49,   26,   52
  220621, 73766.292059034,   22,   38,   18,   43,   17,   30,   16,   36
  220621, 73800.354960561,    8,   26,    5,   25,    2,   15,    5,   19
  220621, 73802.757108629,   10,   31,    7,   33,    3,   21,    4,   33
  220621, 73803.169923633,   21,   32,   19,   41,   16,   34,   13,   36
  220621, 73808.687596321,   28,   51,   26,   49,   21,   39,   24,   43
  220621, 73826.420726627,    8,   30,    9,   22,    4,   22,    3,   29
  220621, 73854.849497557,   34,   55,   32,   54,   26,   48,   33,   49
  220621, 73864.438648790,   20,   39,   19,   38,   15,   32,   16,   35
  220621, 73865.775320411,   15,   32,    7,   33,    6,   18,    8,   24
  220621, 73869.202806875,   17,   37,   13,   35,   10,   28,   12,   34
  220621, 73873.946860731,   33,   60,   29,   64,   25,   45,   25,   51
  220621, 73897.507190168,   25,   47,   24,   52,   22,   35,   18,   50
  220621, 73901.485399008,   21,   43,   23,   39,   20,   32,   18,   35
  220621, 73904.564907730,   29,   57,   30,   51,   26,   43,   27,   45
  220621, 73911.428706884,   13,   25,    8,   29,    3,   21,    7,   27
  220621, 73914.384361356,   15,   34,   14,   40,   10,   26,   12,   30
  220621, 73922.923490703,   24,   51,   21,   38,   19,   47,   20,   40
  220621, 73928.609172225,   22,   44,   21,   48,   16,   35,   19,   38
  220621, 73933.662419140,   26,   48,   26,   46,   23,   33,   23,   41
  220621, 73939.769822478,   32,   53,   27,   51,   23,   50,   27,   47
  220621, 73953.222541958,   32,   50,   31,   48,   25,   51,   22,   52
  220621, 73958.637917876,   15,   37,   18,   32,   13,   28,   11,   31
  220621, 73976.628713012,   13,   31,   10,   36,    8,   24,    6,   27
  220621, 73992.519490421,   14,   32,   13,   35,    8,   25,   10,   33
  220621, 74024.510561585,   35,   52,   32,   48,   28,   50,   28,   56
  220621, 74026.684397101,   30,   57,   26,   58,   22,   46,   27,   53
  220621, 74039.020621840,   12,   30,    7,   30,    5,   23,    4,   32
  220621, 74046.266628563,   12,   29,    9,   31,    9,   17,    9,   23
  220621, 74049.190121159,    7,   37,    9,   33,    5,   17,    8,   22
  220621, 74049.532073259,   27,   45,   26,   44,   22,   40,   20,   42
  220621, 74062.755893052,   31,   66,   31,   69,   25,   53,   30,   57
  220621, 74065.744989693,   22,   42,   22,   41,   20,   32,   18,   42
  220621, 74066.989770651,   11,   27,    7,   24,    6,   18,    2,   33
  220621, 74072.749054611,   24,   44,   23,   43,   23,   33,   17,   38
  220621, 74078.296671510,   24,   45,   28,   46,   18,   43,   22,   41
  220621, 74078.988348663,   25,   43,   22,   40,   18,   36,   20,   38
  220621, 74088.875389457,   12,   -1,   11,   -1,    7,   25,    5,   34
  220621, 74098.714462638,   16,   35,   12,   33,    5,   28,   12,   28
  220621, 74099.528902292,   30,   56,   30,   50,   26,   40,   27,   48
  220621, 74102.281440109,   18,   47,   24,   38,   17,   33,   18,   34
  220621, 74117.087703757,   20,   43,   21,   39,   16,   35,   17,   35
  220621, 74130.892047405,   11,   35,   14,   31,    8,   23,    9,   25
  220621, 74132.339264691,    8,   24,    0,   26,    0,   14,    2,   17
  220621, 74143.234480157,   30,   52,   29,   48,   27,   36,   25,   47
  220621, 74158.459121436,   37,   56,   36,   53,   31,   47,   33,   52
  220621, 74161.318626434,   16,   32,   12,   35,    8,   27,   12,   33
  220621, 74164.435148448,   28,   51,   32,   49,   25,   46,   29,   45
  220621, 74174.685406208,   15,   33,   13,   30,    7,   26,   11,   29
  220621, 74194.905673742,   29,   48,   26,   43,   24,   40,   24,   42
  220621, 74196.216951683,   17,   29,    8,   33,    9,   23,    8,   29
  220621, 74206.751993418,   20,   33,   14,   39,   10,   31,   17,   31
  220621, 74217.588147342,   35,   58,   34,   56,   33,   48,   31,   54
  220621, 74225.343326002,   11,   38,    9,   41,    6,   23,    8,   28
  220621, 74230.459720194,   18,   39,   16,   33,    8,   34,   14,   38
  220621, 74257.305176169,   31,   49,   31,   50,   28,   41,   26,   46
  220621, 74259.800295591,    8,   30,    7,   41,    6,   18,    4,   28
  220621, 74262.626170099,   12,   35,    6,   39,    3,   25,    9,   24
  220621, 74266.770931900,   22,   -1,   22,   -1,   21,   57,   20,   -1
  220621, 74279.758538067,   35,   55,   29,   55,   28,   43,   31,   44
  220621, 74280.216398805,   30,   48,   30,   46,   22,   43,   26,   43
  220621, 74287.756620586,   35,   57,   32,   57,   28,   51,   30,   52
  220621, 74297.425922871,   20,   43,   17,   47,   15,   30,   16,   36
  220621, 74300.947757542,   29,   47,   27,   50,   26,   40,   23,   49
  220621, 74305.039213799,   13,   37,    9,   29,    6,   29,    8,   29
  220621, 74317.724446654,   26,   45,   24,   41,   17,   35,   21,   37
  220621, 74322.370574564,   18,   36,   16,   35,   12,   28,   14,   31
  220621, 74323.435258031,   10,   30,    7,   29,    5,   17,    6,   25
  220621, 74329.588745058,   10,   25,    5,   28,    3,   17,    4,   22
  220621, 74357.296356946,   29,   50,   27,   48,   25,   40,   26,   44
  220621, 74358.995705724,   15,   33,    8,   33,    5,   30,    6,   35
  220621, 74401.904650211,   25,   47,   24,   49,   20,   38,   19,   50
  220621, 74406.265998065,   10,   29,    8,   30,    8,   16,    3,   26
  220621, 74448.506264627,   10,   27,    7,   25,    7,   16,    0,   18
  220621, 74448.894997358,    8,   35,    6,   35,    3,   22,    6,   26
  220621, 74463.395764410,   26,   45,   24,   48,   20,   38,   22,   40
  220621, 74483.061101001,   36,   59,   37,   54,   31,   53,   32,   52
  220621, 74499.878526509,   28,   46,   26,   45,   22,   39,   24,   43
  220621, 74509.075477757,   26,   50,   28,   43,   23,   37,   21,   39
  220621, 74510.104514159,   25,   44,   20,   39,   21,   33,   18,   38
  220621, 74536.197276607,   35,   58,   35,   54,   28,   47,   32,   50
  220621, 74561.979465485,    8,   31,    9,   27,    3,   23,    5,   24
  220621, 74575.316499323,    8,   28,    5,   24,    1,   21,    0,   29
  220621, 74591.110360518,   32,   50,   25,   47,   20,   43,   29,   44
  220621, 74593.756520927,   30,   62,   28,   64,   28,   40,   25,   46
  220621, 74597.920037866,   25,   54,   30,   50,   22,   42,   27,   42
  220621, 74600.778358161,   16,   35,   10,   40,   10,   24,    9,   32
  220621, 74603.977926612,   10,   31,   11,   27,    5,   24,    7,   23
  220621, 74614.326964587,   28,   58,   27,   54,   27,   37,   22,   47
  220621, 74622.502549946,   25,   52,   29,   44,   24,   38,   25,   41
  220621, 74630.631834149,   38,   53,   32,   52,   29,   44,   33,   47
  220621, 74636.414789110,   25,   43,   23,   45,   18,   41,   19,   51
  220621, 74643.361833811,   17,   39,   16,   37,   15,   24,    7,   27
  220621, 74644.226623759,   23,   38,   20,   47,   18,   33,   17,   39
  220621, 74646.583166301,   37,   55,   34,   56,   30,   44,   33,   50
  220621, 74676.735586643,   29,   49,   28,   45,   24,   39,   26,   44
  220621, 74685.656290948,   31,   53,   29,   49,   28,   41,   23,   45
  220621, 74687.908291399,   25,   48,   25,   51,   18,   42,   23,   42
  220621, 74694.547183752,   27,   52,   28,   47,   26,   40,   24,   45
  220621, 74698.616845906,   25,   46,   25,   44,   19,   45,   19,   50
  220621, 74711.447368652,   33,   50,   31,   51,   29,   42,   29,   45
  220621, 74737.571619928,   12,   44,   12,   37,    9,   29,   10,   28
  220621, 74746.132258087,   32,   50,   31,   52,   31,   42,   30,   46
  220621, 74747.662557304,    6,   30,    2,   20,    2,   13,    1,   17
  220621, 74750.915926218,   28,   45,   25,   46,   21,   38,   20,   44
  220621, 74778.518215775,   25,   42,   18,   35,   20,   32,   20,   40
  220621, 74799.327355206,   17,   35,   15,   35,   11,   31,   10,   41
  220621, 74810.955151320,   19,   42,   18,   35,   19,   28,   14,   37
  220621, 74819.870974481,   30,   50,   25,   48,   23,   37,   24,   43
  220621, 74824.350754172,   26,   45,   20,   43,   19,   29,   20,   37
  220621, 74827.748503983,   10,   29,    7,   27,    3,   23,    6,   24
  220621, 74897.790790081,   22,   46,   24,   44,   16,   41,   20,   42
  220621, 74905.388806969,   29,   47,   26,   44,   20,   42,   26,   45
  220621, 74911.591650486,   15,   33,    6,   35,    7,   23,    9,   29
  220621, 74926.834417582,   28,   48,   24,   45,   21,   40,   23,   45
  220621, 74939.189500839,   16,   38,   16,   33,   10,   32,   11,   31
  220621, 74949.161884159,    5,   27,    3,   28,    1,   13,    0,   21
  220621, 74980.891531229,    5,   24,    4,   23,    1,   14,    0,   22
  220621, 74981.096767999,   12,   36,   16,   31,    8,   30,   11,   31
  220621, 75004.664028466,    8,   42,   10,   39,    9,   22,   11,   24
  220621, 75017.469589293,   22,   50,   23,   42,   19,   36,   20,   42
  220621, 75020.956094980,   19,   42,   15,   44,   13,   30,   14,   32
  220621, 75022.797249258,   15,   37,   12,   30,    7,   25,   10,   33
  220621, 75027.557926774,   14,   31,   13,   31,    8,   24,   10,   28
  220621, 75042.069881998,   10,   28,    7,   30,    3,   19,    3,   27
  220621, 75044.232367516,   24,   49,   26,   45,   22,   41,   25,   40
  220621, 75047.592085183,   34,   48,   26,   55,   26,   41,   25,   44
  220621, 75095.622237623,   15,   36,   15,   35,   10,   26,   12,   30
  220621, 75098.897458076,    8,   31,   10,   29,    4,   21,    5,   26
  220621, 75115.013233320,   14,   35,   14,   32,    9,   26,   10,   30
  220621, 75118.607894301,   22,   42,   25,   44,   17,   38,   20,   40
  220621, 75126.099684283,   10,   28,    6,   31,    4,   19,    4,   27
  220621, 75157.456720233,   28,   44,   20,   48,   22,   38,   21,   41
  220621, 75158.786650002,   28,   46,   26,   58,   25,   39,   23,   43
  220621, 75165.935453415,   14,   35,   12,   35,    8,   28,    9,   25
  220621, 75176.894064665,   14,   29,    8,   27,   17,   32,   15,   38
  220621, 75194.278358310,   40,   57,   34,   54,   28,   52,   33,   57
  220621, 75196.114359401,   14,   52,   15,   41,   14,   27,   15,   33
  220621, 75207.489837557,   10,   31,    8,   25,    2,   21,    5,   24
  220621, 75214.950428247,   19,   45,   16,   44,   13,   29,   16,   34
  220621, 75226.032407161,    8,   26,    8,   24,    2,   20,    3,   22
  220621, 75230.358247042,   35,   52,   31,   55,   28,   43,   29,   54
  220621, 75235.668808103,    9,   29,    3,   29,    3,   17,    2,   21
  220621, 75242.885339558,   24,   47,   24,   44,   23,   36,   17,   46
  220621, 75286.387647867,   35,   58,   34,   52,   29,   48,   32,   50
  220621, 75294.505850792,   29,   51,   29,   54,   26,   42,   27,   45
  220621, 75300.390664905,   36,   62,   33,   63,   32,   49,   31,   50
  220621, 75336.037570000,   26,   44,   23,   40,   18,   34,   20,   40
  220621, 75345.141659603,   35,   54,   35,   51,   29,   47,   29,   55
  220621, 75345.490876079,   18,   47,   16,   49,   17,   28,   13,   36
  220621, 75351.401864648,   24,   39,   20,   36,   16,   32,   18,   35
  220621, 75360.522558749,   32,   53,   29,   59,   27,   46,   24,   61
  220621, 75395.880373836,   15,   31,    8,   34,    8,   22,    7,   30
  220621, 75411.702171326,   35,   53,   35,   51,   31,   51,   29,   51
  220621, 75412.689029753,   25,   44,   24,   42,   19,   34,   21,   40
  220621, 75416.100877881,   30,   56,   33,   44,   29,   42,   27,   49
  220621, 75418.328439921,    5,   31,    6,   21,    0,   18,    2,   20
  220621, 75418.812973440,   16,   45,   21,   37,   17,   27,   16,   40
  220621, 75428.496491492,   28,   46,   24,   50,   19,   55,   21,   52
  220621, 75433.870333254,   28,   54,   27,   44,   22,   40,   25,   41
  220621, 75438.553710282,   25,   48,   23,   52,   20,   39,   21,   47
  220621, 75446.134704605,   18,   37,   15,   36,   13,   33,   12,   34
  220621, 75454.605217695,   34,   57,   35,   57,   31,   43,   32,   52
  220621, 75455.259002626,    8,   27,    6,   25,    2,   17,    1,   25
  220621, 75461.024822921,    7,   28,    8,   24,    3,   21,    4,   23
  220621, 75472.632223606,   15,   29,    9,   28,    3,   25,    9,   23
  220621, 75472.934981227,    7,   28,    6,   21,    3,   19,    1,   21
  220621, 75473.425874531,   25,   42,   17,   53,   17,   34,   18,   42
  220621, 75478.211015478,   24,   37,   19,   46,   17,   45,   17,   40
  220621, 75481.939227581,   26,   41,   17,   47,   19,   31,   19,   37
  220621, 75485.505455375,   27,   45,   21,   43,   20,   37,   20,   40
  220621, 75496.158153325,    9,   30,    6,   37,    3,   17,    5,   22
  220621, 75506.260728836,   18,   38,   17,   40,   12,   35,   14,   31
  220621, 75511.792513549,   21,   41,   19,   38,   14,   32,   18,   35
  220621, 75527.086143397,   37,   53,   36,   57,   31,   45,   34,   49
  220621, 75527.965179384,   34,   55,   34,   53,   29,   48,   31,   51
  220621, 75530.830916286,   30,   57,   32,   46,   29,   42,   24,   53
  220621, 75534.440284193,   30,   57,   29,   53,   24,   53,   28,   39
  220621, 75540.925112903,   35,   68,   35,   54,   31,   53,   32,   51
  220621, 75552.799878120,    9,   37,   11,   29,    7,   22,    4,   31
  220621, 75558.379521430,   38,   61,   34,   55,   33,   47,   30,   52
  220621, 75569.720327437,   18,   36,   15,   38,   13,   26,   14,   34
  220621, 75575.854672849,   29,   48,   27,   47,   22,   41,   25,   43
  220621, 75576.053758878,   34,   52,   29,   53,   27,   44,   26,   46
  220621, 75580.050272360,   29,   48,   23,   47,   21,   38,   24,   44
  220621, 75589.859425187,    4,   25,    5,   23,    0,   16,    1,   21
  220621, 75593.248643160,   32,   48,   29,   44,   27,   40,   27,   48
  220621, 75599.933902025,   35,   53,   36,   48,   30,   44,   29,   58
  220621, 75601.522922516,   24,   48,   22,   45,   18,   35,   20,   40
  220621, 75609.282872975,    9,   29,   10,   27,    3,   19,    6,   24
  220621, 75616.845570505,   36,   57,   32,   52,   29,   49,   30,   57
  220621, 75636.676535189,   25,   44,   23,   42,   20,   36,   20,   39
  220621, 75645.536437750,   26,   48,   21,   53,   20,   38,   18,   50
  220621, 75682.782319486,   37,   56,   35,   55,   30,   53,   29,   57
  220621, 75687.911799371,   10,   31,   10,   31,    9,   18,    3,   27
  220621, 75704.798844755,    9,   34,    4,   37,    5,   28,   12,   19
  220621, 75731.995249152,   12,   30,   14,   25,    7,   21,    5,   33
  220621, 75732.267802477,   33,   61,   35,   59,   27,   51,   32,   49
  220621, 75748.179272845,   39,   53,   34,   54,   35,   44,   28,   57
  220621, 75753.851943970,   36,   60,   38,   55,   31,   51,   33,   49
  220621, 75759.407025546,   31,   54,   31,   48,   26,   45,   28,   45
  220621, 75765.144257277,   34,   55,   32,   59,   29,   45,   28,   47
  220621, 75766.394028246,   12,   35,    9,   29,    7,   21,    8,   30
  220621, 75768.800216019,   20,   45,   20,   41,   12,   31,   15,   37
  220621, 75807.294960350,   34,   58,   33,   52,   30,   44,   30,   47
  220621, 75825.992399812,   30,   57,   28,   57,   24,   43,   20,   37
  220621, 75848.834141493,   23,   40,   21,   39,   17,   29,   17,   35
  220621, 75857.889918864,   13,   36,   16,   33,    7,   28,   13,   37
  220621, 75862.469211310,   37,   58,   39,   59,   29,   50,   35,   58
  220621, 75863.325276077,   23,   41,   18,   49,   16,   34,   20,   33
  220621, 75873.986217499,   10,   29,    7,   23,    3,   19,    2,   26
  220621, 75878.637832642,   27,   53,   26,   53,   23,   36,   21,   47
  220621, 75878.893347919,   15,   33,   13,   31,   11,   24,   11,   30
  220621, 75884.773575306,   10,   28,    6,   26,    5,   20,    5,   22
  220621, 75893.623742819,   37,   56,   34,   59,   31,   54,   31,   59
  220621, 75900.122427642,   21,   40,   17,   42,   14,   33,   12,   46
  220621, 75903.294334531,   35,   57,   33,   54,   29,   44,   31,   48
  220621, 75926.514493585,   23,   41,   20,   47,   18,   35,   20,   34
  220621, 75943.604312599,   27,   46,   27,   48,   16,   48,   24,   41
  220621, 75959.794877291,   31,   53,   30,   49,   24,   42,   28,   48
  220621, 75972.699506700,   17,   36,   17,   37,   13,   28,   14,   32
  220621, 75976.938235044,   34,   51,   31,   49,   27,   43,   28,   49
  220621, 75987.919067740,   25,   51,   26,   46,   21,   36,   23,   38
  220621, 76045.606901586,   21,   41,   19,   35,   15,   30,   17,   33
  220621, 76062.614934504,   23,   42,   14,   33,   16,   28,   18,   39
  220621, 76069.334424853,   37,   52,   33,   54,   30,   44,   31,   50
  220621, 76083.206745684,   25,   45,   24,   45,   18,   39,   21,   41
  220621, 76098.186286286,   34,   53,   35,   50,   28,   43,   31,   48
  220621, 76101.375064731,   12,   38,   11,   37,    8,   24,    8,   30
  220621, 76108.134496719,   17,   34,   10,   43,    8,   30,   10,   32
  220621, 76113.065021724,   22,   38,   19,   37,   14,   33,   17,   36
  220621, 76125.992587149,   17,   35,   12,   37,   11,   27,   12,   25
  220621, 76134.343112707,   26,   51,   23,   44,   13,   -1,   14,   -1
  220621, 76138.054068439,   32,   53,   33,   51,   33,   42,   27,   48
  220621, 76141.557993472,   33,   49,   30,   49,   26,   44,   25,   48
  220621, 76143.402403563,   34,   60,   32,   60,   32,   45,   29,   48
  220621, 76153.257815361,   39,   54,   34,   56,   31,   48,   32,   54
  220621, 76159.549637258,   35,   53,   33,   49,   28,   44,   30,   51
  220621, 76187.377165288,   19,   37,   17,   34,   15,   28,   10,   36
  220621, 76208.381361306,   24,   43,   20,   39,   17,   32,   19,   38
  220621, 76220.645250022,   24,   43,   20,   49,   14,   38,   21,   40
  220621, 76224.267935723,   21,   54,   25,   49,   23,   41,   20,   41
  220621, 76227.891464829,   32,   51,   31,   48,   26,   44,   28,   46
  220621, 76229.124132603,   23,   44,   21,   41,   16,   31,   20,   33
  220621, 76233.060742680,    8,   27,    6,   24,    2,   17,    1,   32
  220621, 76265.925220013,   19,   33,   18,   41,   14,   30,   14,   42
  220621, 76277.684839487,   24,   46,   24,   42,   21,   33,   23,   39
  220621, 76325.205410883,   10,   31,    9,   28,    6,   24,    3,   29
  220621, 76335.086935081,    8,   26,    5,   26,    3,   17,    2,   30
  220621, 76337.388804197,    9,   40,   13,   31,    6,   25,    7,   34
  220621, 76348.751097143,   13,   32,   14,   33,   10,   22,    8,   27
  220621, 76373.459594041,   32,   64,   30,   66,   30,   44,   28,   49
  220621, 76376.417988986,   25,   47,   23,   43,   20,   35,   22,   40
  220621, 76391.818186164,    8,   55,   15,   33,   10,   24,    9,   30
  220621, 76403.241845995,   39,   57,   35,   56,   30,   50,   37,   50
  220621, 76403.596474349,   31,   50,   28,   54,   26,   45,   25,   54
  220621, 76423.078911997,    6,   27,    5,   29,    2,   17,    1,   23
  220621, 76424.211615115,   24,   39,   22,   40,   20,   28,   16,   40
  220621, 76426.021014361,   35,   -1,   32,   -1,   27,   50,   32,   54
  220621, 76427.481763721,   14,   31,   12,   32,    8,   20,    9,   27
  220621, 76429.612133920,   37,   58,   38,   58,   32,   47,   31,   57
  220621, 76433.771826744,   35,   50,   32,   51,   27,   48,   30,   49
  220621, 76441.790300906,   20,   45,   20,   42,   17,   29,   16,   43
  220621, 76454.928355277,   16,   42,   19,   34,   11,   28,   16,   34
  220621, 76458.530289114,   14,   35,   10,   37,    9,   21,   10,   31
  220621, 76484.056934401,   30,   50,   28,   51,   26,   39,   25,   50
  220621, 76498.272264868,   31,   52,   29,   51,   23,   56,   24,   64
  220621, 76502.286237806,   32,   52,   31,   51,   23,   44,   30,   43
  220621, 76528.020959960,   20,   44,   21,   39,   15,   32,   17,   34
  220621, 76541.426804125,   14,   32,   11,   35,    8,   26,    3,   21
  220621, 76559.656798542,   34,   51,   28,   49,   26,   44,   28,   46
  220621, 76568.942862272,   25,   44,   23,   45,   21,   31,   20,   41
  220621, 76573.982086480,   28,   48,   25,   45,   22,   37,   22,   44
  220621, 76582.057947639,   30,   50,   29,   48,   26,   45,   25,   49
  220621, 76585.355477333,   29,   48,   27,   48,   21,   42,   24,   44
  220621, 76602.228745043,   11,   31,    7,   26,    5,   19,    5,   30
  220621, 76603.881304026,   37,   55,   35,   56,   32,   44,   31,   52
  220621, 76638.140850484,   23,   45,   21,   48,   19,   33,   19,   38
  220621, 76641.102004163,   23,   44,   23,   42,   19,   32,   17,   40
  220621, 76657.143999919,   34,   64,   36,   56,   33,   44,   30,   52
  220621, 76658.462333560,    6,   23,    4,   28,    1,   20,    2,   23
  220621, 76658.764401257,   31,   50,   29,   48,   23,   47,   24,   54
  220621, 76664.561719239,   26,   47,   25,   50,   21,   40,   23,   42
  220621, 76673.207783163,    4,   26,    5,   24,    1,   16,    0,   25
  220621, 76686.291164011,   12,   31,   12,   28,    6,   21,    9,   22
  220621, 76695.948735654,   13,   32,   11,   30,    7,   23,    7,   29
  220621, 76707.004935520,   21,   38,   16,   44,   13,   32,   15,   33
  220621, 76715.275380641,   10,   36,   12,   34,    9,   21,    7,   26
  220621, 76739.844528139,    8,   27,    6,   27,    3,   17,    3,   22
  220621, 76763.401201546,   15,   34,   13,   33,    8,   24,   11,   30
  220621, 76773.609087825,   19,   34,   15,   34,   12,   27,   12,   30
  220621, 76776.543985665,   21,   37,   16,   44,   12,   33,   16,   31
  220621, 76778.506154299,   12,   26,    7,   29,    2,   28,    4,   32
  220621, 76782.783642352,   21,   39,   22,   39,   18,   31,   17,   37
  220621, 76785.336473852,   13,   35,   14,   32,    9,   27,   11,   28
  220621, 76786.028459121,   16,   42,   14,   47,   14,   26,   15,   29
  220621, 76811.478051156,    9,   25,    9,   26,    2,   23,    3,   31
  220621, 76821.107217439,   35,   63,   36,   52,   31,   46,   33,   53
  220621, 76838.118076757,   37,   60,   35,   57,   34,   48,   29,   57
  220621, 76846.586755276,   30,   49,   28,   46,   20,   52,   26,   44
  220621, 76864.668973207,   12,   32,    9,   29,    7,   19,    8,   28
  220621, 76891.824586868,   25,   45,   25,   41,   20,   37,   21,   38
  220621, 76929.500375450,   12,   42,   11,   34,    7,   30,    7,   34
  220621, 76946.917130947,   39,   54,   33,   55,   32,   50,   30,   53
  220621, 76949.118651479,   27,   45,   26,   45,   22,   35,   22,   42
  220621, 76958.335892469,   19,   37,   17,   39,   15,   29,   14,   33
  220621, 76966.241091803,   17,   37,   15,   35,   10,   26,   11,   26
  220621, 76974.593564451,   13,   41,   13,   34,    7,   30,    9,   31
  220621, 76999.281687796,   23,   43,   22,   43,   19,   36,   16,   37
  220621, 77006.430341333,   24,   39,   18,   44,   17,   30,   17,   36
  220621, 77019.134576485,   26,   41,   19,   45,   22,   32,   16,   46
  220621, 77020.809459507,   34,   50,   31,   49,   29,   46,   27,   48
  220621, 77045.669872582,    8,   30,    9,   33,    6,   18,    5,   26
  220621, 77060.580381036,   30,   57,   23,   50,   26,   39,   22,   50
  220621, 77068.837948859,   25,   43,   20,   39,   18,   36,   17,   38
  220621, 77098.408929914,   33,   53,   32,   49,   27,   44,   30,   45
  220621, 77100.750767291,   17,   36,   16,   34,   12,   26,   15,   31
  220621, 77111.662538171,   29,   51,   28,   49,   21,   47,   28,   43
  220621, 77117.449499249,   29,   52,   27,   48,   25,   37,   25,   43
  220621, 77119.050959241,   31,   51,   25,   46,   23,   43,   26,   42
  220621, 77122.113691717,   32,   54,   29,   48,   26,   39,   28,   46
  220621, 77140.768562496,    4,   32,    7,   26,    4,   20,    2,   27
  220621, 77145.903600335,   22,   53,   27,   43,   20,   36,   23,   41
  220621, 77186.061067320,   27,   53,   26,   45,   23,   43,   23,   52
  220621, 77193.856096625,   24,   44,   24,   47,   17,   35,   23,   40
  220621, 77206.449030519,   26,   55,   26,   52,   23,   40,   23,   50
  220621, 77208.971745610,   26,   47,   25,   46,   20,   42,   20,   49
  220621, 77220.485259950,   16,   36,   16,   33,   11,   28,   11,   34
  220621, 77224.027682720,   20,   37,   15,   37,   13,   28,   15,   32
  220621, 77233.945765257,    5,   28,    2,   23,    0,   16,    0,   21
  220621, 77235.665941715,   12,   33,   11,   29,    9,   19,    8,   26
  220621, 77245.754957914,   29,   49,   28,   49,   22,   46,   21,   56
  220621, 77260.348584235,   34,   50,   27,   52,   26,   46,   26,   52
  220621, 77260.812877297,   16,   53,   17,   43,   14,   28,   13,   37
  220621, 77274.754384577,   24,   39,   22,   41,   22,   31,   16,   39
  220621, 77276.540920615,   30,   48,   27,   46,   23,   38,   24,   45
  220621, 77277.806994557,    8,   28,    6,   25,    3,   19,    6,   23
  220621, 77285.345753968,    7,   33,    7,   26,    2,   18,    4,   23
  220621, 77285.905450940,   25,   42,   20,   42,   16,   37,   21,   40
  220621, 77288.496954918,   27,   47,   24,   44,   21,   36,   22,   40
  220621, 77291.516985178,   38,   54,   34,   57,   29,   50,   35,   52
  220621, 77296.541400492,   18,   36,   17,   34,   13,   29,   12,   40
  220621, 77315.838146627,   36,   61,   37,   55,   37,   48,   31,   55
  220621, 77320.186168075,   22,   43,   21,   42,   15,   36,   19,   39
  220621, 77320.434086680,   16,   34,    8,   35,    8,   23,    9,   28
