  210622, 58159.609662175,   26,   -1,   24,   -1,   34,   60,   33,   -1
  210622, 58161.104561403,    6,   23,    1,   20,    6,   27,   12,   26
  210622, 58166.029890001,    1,   21,    0,   23,    9,   25,    7,   29
  210622, 58192.870475292,    8,   33,    9,   25,   16,   35,   17,   34
  210622, 58206.943891764,   21,   36,   14,   38,   23,   37,   27,   43
  210622, 58212.424382508,   23,   58,   18,   -1,   29,   57,   29,   61
  210622, 58217.893432200,   10,   30,    7,   26,   14,   36,   17,   38
  210622, 58247.388161808,   19,   56,   17,   54,   25,   52,   28,   45
  210622, 58250.044349961,   23,   45,   21,   43,   30,   45,   30,   54
  210622, 58265.692637980,   29,   43,   24,   47,   34,   55,   29,   44
  210622, 58271.837078094,    3,   22,    2,   26,    9,   20,    7,   30
  210622, 58278.847397029,   34,   -1,   31,   -1,   41,   60,   45,   63
  210622, 58287.950075209,   10,   26,    7,   28,   15,   30,   16,   33
  210622, 58288.531961739,   16,   42,   14,   33,   20,   40,   25,   41
  210622, 58291.296048999,    1,   26,    4,   24,   10,   22,   11,   30
  210622, 58305.275288850,    9,   24,    4,   22,   12,   28,   15,   32
  210622, 58310.513375223,   22,   39,   21,   37,   28,   43,   29,   45
  210622, 58320.157353118,   26,   45,   21,   48,   34,   45,   33,   51
  210622, 58326.930733740,   12,   34,   10,   34,   18,   36,   19,   39
  210622, 58334.236266553,   18,   38,   15,   36,   21,   38,   20,   51
  210622, 58349.865063965,   26,   49,   22,   44,   30,   50,   33,   51
  210622, 58361.699565291,   20,   38,   18,   39,   25,   39,   26,   43
  210622, 58372.196094677,    9,   29,    8,   32,   16,   34,   16,   34
  210622, 58385.735092938,   19,   40,   16,   42,   24,   39,   27,   44
  210622, 58389.578931868,    4,   24,    0,   31,    9,   25,    9,   33
  210622, 58391.252430290,   30,   51,   30,   52,   39,   49,   38,   58
  210622, 58402.958269417,   16,   40,   17,   35,   24,   43,   24,   43
  210622, 58406.985964656,   17,   45,   13,   45,   24,   40,   24,   45
  210622, 58415.020046800,   26,   46,   24,   47,   31,   51,   33,   51
  210622, 58415.961891294,    8,   26,    9,   26,   16,   31,   14,   36
  210622, 58418.676973224,   26,   44,   21,   45,   27,   60,   30,   62
  210622, 58419.751420856,   25,   45,   23,   45,   29,   46,   33,   51
  210622, 58420.328313172,   24,   56,   25,   42,   29,   50,   31,   56
  210622, 58429.975620091,   17,   36,   14,   35,   20,   40,   27,   37
  210622, 58442.854515791,   32,   50,   30,   53,   38,   56,   37,   56
  210622, 58445.662761986,   23,   43,   22,   41,   28,   41,   32,   49
  210622, 58452.495987535,   30,   49,   28,   52,   35,   53,   37,   57
  210622, 58454.747414887,    4,   24,    2,   26,    9,   27,   11,   28
  210622, 58455.301609635,    6,   22,    0,   23,    7,   27,   12,   28
  210622, 58462.514048398,    5,   26,    3,   27,   14,   26,   11,   32
  210622, 58462.534222305,   10,   30,    5,   41,    8,   48,   12,   55
  210622, 58464.723675370,   24,   52,   29,   45,   34,   49,   35,   52
  210622, 58481.391375870,   22,   51,   23,   51,   28,   53,   33,   49
  210622, 58482.500391066,   16,   34,   14,   36,   21,   36,   23,   41
  210622, 58488.979688108,   13,   31,    9,   31,   16,   39,   19,   38
  210622, 58492.737727046,   28,   48,   23,   44,   34,   48,   29,   62
  210622, 58498.874950528,   23,   38,   14,   43,   25,   44,   27,   47
  210622, 58506.423270732,   30,   47,   25,   50,   34,   51,   35,   56
  210622, 58519.238306761,   19,   37,   15,   37,   20,   44,   24,   43
  210622, 58530.063524641,    8,   48,    7,   55,   12,   31,   17,   53
  210622, 58556.352950364,   11,   44,   12,   31,   20,   36,   20,   44
  210622, 58561.199717835,   11,   27,    4,   28,   17,   29,   13,   35
  210622, 58565.271887094,   14,   32,   11,   34,   19,   38,   20,   36
  210622, 58571.375568748,   30,   48,   23,   58,   36,   48,   31,   57
  210622, 58572.528374016,   39,   51,   30,   55,   39,   61,   45,   58
  210622, 58576.234893516,   23,   43,   21,   45,   31,   45,   31,   49
  210622, 58580.535895824,    9,   28,    7,   26,   14,   32,   16,   36
  210622, 58581.369094670,    8,   22,    4,   30,   11,   30,   13,   35
  210622, 58597.435018092,   16,   30,   12,   42,   17,   51,   18,   51
  210622, 58602.395086586,    7,   26,    2,   29,   11,   31,   13,   34
  210622, 58614.303800046,    2,   22,    0,   21,    8,   20,    8,   27
  210622, 58629.177789673,    8,   25,    8,   31,   13,   29,   16,   38
  210622, 58629.814026892,   20,   43,   19,   42,   26,   42,   30,   48
  210622, 58635.167922407,   16,   28,    8,   32,   14,   37,   20,   37
  210622, 58636.362060249,    6,   21,    1,   22,    8,   30,    9,   39
  210622, 58637.436614066,   33,   49,   26,   48,   38,   52,   35,   59
  210622, 58638.472900987,   12,   32,    9,   31,   18,   36,   19,   36
  210622, 58641.370778054,    9,   55,    7,   54,   18,   34,   20,   40
  210622, 58648.274769425,   31,   58,   34,   46,   37,   59,   43,   59
  210622, 58652.484221399,   24,   47,   18,   42,   27,   49,   31,   42
  210622, 58655.598547161,    9,   40,    7,   34,   18,   32,   15,   38
  210622, 58660.138055682,   24,   47,   20,   53,   33,   57,   30,   64
  210622, 58667.358638078,   14,   31,   10,   32,   18,   34,   19,   37
  210622, 58681.958454907,    0,   25,    4,   19,    7,   27,    9,   26
  210622, 58698.185934603,    7,   27,    6,   27,   12,   27,   15,   34
  210622, 58730.374123573,   18,   34,   13,   35,   19,   37,   25,   39
  210622, 58737.244206727,    5,   24,    0,   24,   10,   24,   10,   30
  210622, 58737.591669500,   10,   28,    8,   32,   15,   33,   19,   36
  210622, 58744.354137570,   32,   49,   30,   53,   36,   50,   39,   57
  210622, 58757.062244881,   13,   25,    6,   28,   14,   27,   15,   35
  210622, 58757.991460681,   28,   46,   24,   44,   31,   50,   33,   51
  210622, 58800.047308881,   29,   44,   24,   45,   32,   49,   35,   54
  210622, 58811.021871081,   23,   43,   18,   42,   25,   45,   29,   47
  210622, 58823.757262707,   28,   47,   25,   47,   34,   48,   33,   53
  210622, 58831.750211418,   17,   38,   14,   37,   22,   40,   25,   41
  210622, 58840.870507181,   34,   65,   31,   57,   40,   55,   40,   63
  210622, 58849.361891001,    5,   27,    4,   26,   11,   30,   12,   28
  210622, 58863.508228660,   11,   31,   11,   32,   17,   35,   20,   38
  210622, 58869.101094559,   28,   49,   26,   49,   36,   47,   34,   58
  210622, 58870.027954839,   14,   30,    9,   29,   18,   39,   20,   36
  210622, 58888.958583176,   18,   32,    9,   33,   19,   39,   21,   41
  210622, 58892.697389364,   19,   41,   15,   42,   25,   43,   27,   53
  210622, 58894.703948319,   22,   39,   23,   41,   24,   49,   33,   48
  210622, 58908.612084985,   23,   38,   20,   46,   27,   50,   27,   49
  210622, 58911.222373918,    8,   34,    9,   29,   16,   35,   17,   44
  210622, 58937.006597520,   20,   35,   15,   57,   24,   45,   24,   45
  210622, 58958.685765147,   24,   40,   24,   42,   31,   48,   27,   52
  210622, 58963.451346040,    8,   28,    7,   32,   14,   34,   17,   32
  210622, 58965.397021681,    0,   27,    0,   24,    7,   23,    9,   27
  210622, 58987.614091456,    6,   23,    5,   22,    8,   33,   13,   34
  210622, 58992.155821875,   12,   35,   13,   30,   19,   35,   17,   51
  210622, 58995.332225680,   36,   53,   31,   57,   39,   57,   40,   60
  210622, 58996.011066240,   15,   42,   14,   52,   20,   47,   26,   -1
  210622, 59002.005636840,   11,   32,   11,   28,   19,   32,   18,   40
  210622, 59007.124148242,   24,   51,   23,   48,   31,   56,   29,   51
  210622, 59040.651103139,   19,   58,   19,   53,   25,   48,   30,   44
  210622, 59044.240242243,    9,   35,   11,   37,   15,   44,   18,   48
  210622, 59054.874960303,    4,   17,    1,   24,    8,   29,    9,   32
  210622, 59065.552085340,   16,   36,   12,   41,   21,   45,   23,   50
  210622, 59078.178184763,    7,   23,    4,   26,   10,   29,   11,   31
  210622, 59080.315447927,   40,   52,   28,   43,   41,   56,   43,   59
  210622, 59088.695050061,   23,   44,   21,   42,   28,   47,   28,   55
  210622, 59088.869196475,   26,   48,   23,   45,   26,   42,   35,   52
  210622, 59097.832002342,   21,   41,   18,   43,   23,   44,   28,   46
  210622, 59099.537655056,   12,   31,    4,   19,   15,   33,   16,   40
  210622, 59106.130857080,   14,   35,   12,   35,   22,   34,   18,   43
  210622, 59108.939797699,   16,   40,   15,   36,   23,   41,   23,   43
  210622, 59110.268932074,    6,   29,    5,   28,   10,   29,   14,   34
  210622, 59131.595124781,   14,   31,    9,   33,   14,   36,   19,   41
  210622, 59133.896099269,   11,   41,   10,   29,   13,   30,   18,   55
  210622, 59145.540879548,   29,   49,   20,   38,   33,   53,   31,   56
  210622, 59152.268919408,   14,   29,    9,   31,   17,   32,   20,   34
  210622, 59162.047970962,   22,   45,   22,   48,   26,   48,   33,   52
  210622, 59168.262466133,   29,   40,   24,   44,   31,   51,   33,   53
  210622, 59177.097142242,   21,   41,   17,   42,   30,   43,   27,   47
  210622, 59195.219235957,    8,   34,    7,   35,   16,   32,   14,   35
  210622, 59218.516840577,    4,   22,    0,   24,    9,   22,   10,   30
  210622, 59230.222038001,   29,   49,   25,   50,   35,   49,   33,   60
  210622, 59230.576702654,   12,   31,    8,   34,   16,   39,   18,   37
  210622, 59241.056665841,   29,   49,   27,   51,   35,   48,   35,   54
  210622, 59248.178671643,   15,   33,   13,   31,   21,   34,   20,   40
  210622, 59249.234102041,    9,   23,    9,   31,   15,   30,   15,   37
  210622, 59250.988467455,   23,   43,   20,   48,   30,   44,   28,   52
  210622, 59257.370117247,   21,   37,   17,   38,   23,   41,   25,   46
  210622, 59257.537154377,   33,   48,   26,   49,   36,   52,   33,   60
  210622, 59271.151310638,    7,   33,    5,   26,   15,   35,   14,   41
  210622, 59271.946129739,   30,   47,   25,   46,   30,   51,   37,   55
  210622, 59284.042862158,   34,   52,   30,   54,   35,   62,   43,   56
  210622, 59285.910513222,   15,   33,   14,   33,   18,   44,   22,   41
  210622, 59286.569406569,   20,   42,   17,   37,   21,   48,   30,   47
  210622, 59288.597882152,   20,   37,   18,   36,   27,   40,   26,   44
  210622, 59300.248795480,   13,   31,   12,   31,   17,   40,   19,   38
  210622, 59304.830552697,    8,   25,    5,   28,   12,   30,   14,   35
  210622, 59307.794570386,   25,   45,   21,   47,   31,   45,   29,   52
  210622, 59311.613167584,   34,   54,   29,   52,   36,   60,   39,   64
  210622, 59331.480928212,   13,   35,   12,   36,   19,   31,   22,   40
  210622, 59338.541159451,   17,   35,   12,   37,   20,   36,   22,   43
  210622, 59341.530269682,   39,   54,   31,   58,   38,   62,   44,   62
  210622, 59350.161965922,   10,   35,    9,   37,   18,   37,   19,   36
  210622, 59352.075978398,   23,   44,   20,   41,   29,   45,   27,   51
  210622, 59358.494880348,   12,   26,    5,   28,   13,   32,   18,   32
  210622, 59359.385465115,   18,   38,   16,   36,   21,   49,   24,   43
  210622, 59369.899110019,   25,   43,   22,   45,   30,   47,   29,   53
  210622, 59371.372936785,   10,   29,    7,   31,   18,   27,   11,   25
  210622, 59377.960646570,    9,   40,    7,   39,   11,   51,   14,   46
  210622, 59381.297758043,   13,   37,   10,   31,   19,   38,   19,   45
  210622, 59381.363599628,   34,   54,   29,   54,   35,   58,   43,   53
  210622, 59382.480460346,   16,   33,   14,   33,   21,   37,   26,   37
  210622, 59383.016544480,   21,   44,   19,   46,   26,   50,   29,   48
  210622, 59392.545336425,    8,   24,    3,   33,   15,   30,   11,   37
  210622, 59397.761251867,   20,   37,   17,   41,   26,   43,   22,   55
  210622, 59403.303073436,   25,   41,   20,   47,   29,   49,   31,   52
  210622, 59410.606996536,    5,   24,    2,   26,   10,   27,   11,   30
  210622, 59422.499632150,   19,   43,   18,   43,   26,   46,   29,   51
  210622, 59427.388946712,    7,   27,    5,   31,    9,   41,   12,   40
  210622, 59428.054709598,    6,   29,    0,   24,   10,   30,   11,   33
  210622, 59428.465395004,   16,   31,   14,   32,   22,   36,   22,   41
  210622, 59435.863390923,   30,   46,   22,   52,   32,   49,   33,   61
  210622, 59450.229380995,   18,   52,   15,   47,   25,   43,   27,   47
  210622, 59454.542656779,    8,   25,    5,   24,   15,   26,   10,   32
  210622, 59470.375545800,    4,   29,    9,   19,   12,   31,   15,   34
  210622, 59472.965987384,    7,   -1,    5,   47,   15,   38,   13,   43
  210622, 59473.371703655,   13,   40,    7,   53,   18,   44,   17,   44
  210622, 59473.521225154,    3,   26,    1,   24,    8,   23,    9,   30
  210622, 59476.565424621,   19,   37,   16,   34,   25,   37,   23,   43
  210622, 59481.546768844,   14,   39,   14,   33,   20,   40,   22,   43
  210622, 59482.237252846,   28,   45,   23,   48,   31,   48,   32,   53
  210622, 59484.359926373,   25,   52,   29,   45,   33,   48,   36,   52
  210622, 59501.770927310,   19,   40,   19,   37,   24,   47,   27,   45
  210622, 59522.106988683,   34,   52,   31,   54,   38,   57,   40,   59
  210622, 59531.634184539,   16,   35,   16,   36,   19,   39,   23,   40
  210622, 59534.456115305,   23,   44,   24,   44,   30,   44,   30,   48
  210622, 59542.131175324,    4,   -1,    1,   -1,   11,   34,   11,   45
  210622, 59550.147986874,   12,   33,   13,   32,   18,   33,   21,   38
  210622, 59552.242945999,   18,   36,   18,   38,   24,   38,   26,   45
  210622, 59562.567794800,    3,   20,    0,   22,    8,   23,   10,   26
  210622, 59562.756955266,    6,   26,    5,   26,   13,   29,   13,   29
  210622, 59570.570993781,    9,   34,   10,   27,   17,   34,   18,   36
  210622, 59583.688028216,   27,   48,   25,   47,   34,   49,   34,   53
  210622, 59590.312525570,   18,   47,   23,   36,   24,   43,   26,   45
  210622, 59598.473790199,   21,   35,   18,   39,   26,   44,   27,   50
  210622, 59603.744512022,   16,   33,   13,   35,   19,   38,   21,   53
  210622, 59608.470388591,   27,   44,   25,   46,   32,   53,   32,   60
  210622, 59624.908460498,    6,   23,    1,   23,    9,   26,   12,   25
  210622, 59628.173197955,   35,   52,   30,   58,   39,   55,   40,   59
  210622, 59655.865461707,   15,   31,    8,   29,   17,   35,   18,   36
  210622, 59666.775451720,   24,   40,   19,   42,   28,   45,   29,   48
  210622, 59668.388837814,   31,   46,   23,   57,   35,   49,   37,   55
  210622, 59673.172021285,    9,   24,    1,   35,   13,   26,   12,   33
  210622, 59679.136619523,   23,   42,   19,   44,   26,   44,   26,   53
  210622, 59694.145010516,   31,   46,   28,   51,   32,   54,   38,   55
  210622, 59701.327620149,   16,   -1,   16,   -1,   26,   53,   32,   46
  210622, 59701.656895101,   33,   48,   24,   50,   38,   50,   32,   59
  210622, 59711.090262078,    1,   18,    1,   16,    8,   18,    4,   26
  210622, 59715.458122045,   14,   41,   13,   33,   19,   44,   22,   42
  210622, 59715.783051670,   22,   46,   22,   45,   27,   48,   31,   50
  210622, 59722.018245080,   18,   49,   16,   53,   29,   -1,   32,   -1
  210622, 59736.607062697,   37,   54,   30,   62,   39,   55,   42,   57
  210622, 59742.174104795,   27,   47,   25,   46,   35,   48,   35,   51
  210622, 59747.534524083,   29,   45,   24,   49,   34,   49,   34,   57
  210622, 59769.015575800,   23,   39,   20,   36,   25,   40,   27,   44
  210622, 59776.403077990,    7,   40,    4,   36,   10,   32,   17,   36
  210622, 59776.618763566,    5,   26,    7,   25,   13,   27,   13,   31
  210622, 59785.693596661,    9,   37,    6,   32,   15,   26,   17,   34
  210622, 59789.729987621,   22,   43,   22,   42,   28,   42,   28,   49
  210622, 59804.786129355,    9,   42,    8,   34,   18,   28,   14,   39
  210622, 59807.648688734,   30,   58,   32,   53,   39,   57,   40,   64
  210622, 59813.261700958,   11,   22,    1,   32,   11,   26,   13,   35
  210622, 59829.647118032,   26,   47,   24,   46,   32,   49,   33,   52
  210622, 59841.309195876,   12,   29,    9,   31,   19,   31,   17,   36
  210622, 59853.345674127,   15,   39,   15,   36,   20,   40,   26,   41
  210622, 59880.476821810,   18,   34,   14,   40,   19,   41,   26,   39
  210622, 59882.610566139,   12,   29,   10,   27,   16,   36,   19,   38
  210622, 59892.223623365,   22,   -1,   23,   -1,   26,   49,   30,   49
  210622, 59897.706933439,   10,   34,    1,   49,    9,   42,   11,   -1
  210622, 59900.036990602,   20,   36,   14,   38,   24,   40,   27,   43
  210622, 59904.857815146,   28,   53,   28,   50,   37,   47,   36,   55
  210622, 59906.039040081,   18,   33,   16,   35,   22,   38,   23,   42
  210622, 59908.637957811,   32,   49,   26,   57,   34,   50,   37,   55
  210622, 59917.878221631,    7,   35,    4,   33,   14,   27,   13,   32
  210622, 59946.199759677,   32,   49,   31,   49,   32,   46,   41,   53
  210622, 59958.625446737,    7,   27,    5,   29,   13,   27,   12,   31
  210622, 59975.776470900,   33,   45,   29,   48,   36,   49,   35,   72
  210622, 59980.951524854,   12,   29,    7,   37,   18,   34,   17,   38
  210622, 59995.053665239,   25,   38,   19,   39,   25,   44,   30,   47
  210622, 59996.426350564,   25,   45,   23,   51,   32,   45,   32,   54
  210622, 60015.016434841,   16,   57,   14,   58,   33,   52,   27,   59
  210622, 60016.901507795,   18,   36,   14,   36,   21,   38,   25,   42
  210622, 60020.655538738,   18,   35,   14,   29,   20,   40,   22,   49
  210622, 60040.294525027,   22,   38,   19,   40,   28,   42,   31,   44
  210622, 60041.249895558,    8,   24,    1,   26,   10,   30,   13,   29
  210622, 60054.101857163,   13,   30,   10,   29,   18,   33,   18,   38
  210622, 60057.739488304,   19,   45,   14,   46,   22,   42,   26,   46
  210622, 60064.211800203,   11,   26,    9,   35,   17,   35,   16,   37
  210622, 60065.535916269,   20,   36,   16,   37,   23,   41,   26,   42
  210622, 60070.084187597,   25,   53,   21,   68,   28,   55,   42,   65
  210622, 60091.323208869,   23,   40,   21,   39,   25,   44,   28,   48
  210622, 60134.717428267,    9,   29,    3,   28,   13,   29,   14,   34
  210622, 60167.914277732,    1,   23,    2,   17,    6,   22,    8,   27
  210622, 60173.468960673,   20,   40,   20,   41,   27,   46,   28,   45
  210622, 60177.439640164,   15,   37,   17,   36,   18,   44,   25,   42
  210622, 60177.917930543,    0,   21,    2,   24,    7,   31,   10,   31
  210622, 60184.720393300,   10,   28,    6,   29,   16,   31,   13,   31
  210622, 60197.776165545,    8,   26,    6,   26,   14,   28,   13,   33
  210622, 60202.081553362,   34,   50,   30,   53,   36,   54,   41,   59
  210622, 60203.120458320,   19,   43,   16,   51,   25,   43,   27,   41
  210622, 60204.348838001,   11,   46,   16,   32,   21,   39,   23,   43
  210622, 60204.634579837,    7,   30,    1,   27,   12,   31,   13,   33
  210622, 60205.233699605,   24,   43,   21,   40,   28,   52,   29,   59
  210622, 60206.469303995,   12,   33,    7,   27,   18,   33,   17,   39
  210622, 60219.508211493,   19,   39,   13,   41,   20,   41,   24,   42
  210622, 60244.044188440,   36,   51,   30,   60,   41,   53,   40,   58
  210622, 60249.468338728,   23,   35,   20,   29,   28,   45,   28,   48
  210622, 60253.738547981,   16,   36,    8,   36,   14,   38,   22,   39
  210622, 60264.013313000,   30,   49,   26,   46,   31,   51,   35,   52
  210622, 60273.966422439,    2,   23,    0,   19,    9,   26,    7,   30
  210622, 60275.907426000,   21,   39,   16,   42,   25,   45,   25,   41
  210622, 60276.191622645,   11,   26,    7,   30,   14,   34,   19,   36
  210622, 60283.831742704,   33,   49,   30,   51,   39,   53,   35,   66
  210622, 60292.596622348,   20,   42,   19,   41,   26,   40,   28,   46
  210622, 60296.213274643,    7,   29,    1,   26,   13,   27,   12,   33
  210622, 60301.904685974,   20,   38,   17,   37,   24,   37,   25,   46
  210622, 60303.138308838,    9,   25,    4,   26,    7,   -1,    7,   -1
  210622, 60307.958959341,    2,   24,    2,   20,    8,   25,    8,   31
  210622, 60308.117549039,    7,   37,   11,   28,   14,   37,   18,   37
  210622, 60309.792854309,   20,   36,   16,   36,   24,   41,   27,   44
  210622, 60312.318416327,   32,   53,   31,   53,   37,   55,   39,   56
  210622, 60312.952386141,    4,   27,    6,   23,   13,   26,   13,   35
  210622, 60323.607244432,   21,   41,   24,   58,   32,   47,   31,   53
  210622, 60334.655439973,    4,   26,    0,   23,    8,   34,    9,   30
  210622, 60357.767865837,   14,   37,   14,   35,   22,   35,   20,   41
  210622, 60358.439461827,   22,   47,   22,   41,   30,   45,   28,   48
  210622, 60371.244263485,   12,   42,   12,   44,   18,   35,   23,   45
  210622, 60376.488374650,   29,   47,   21,   50,   29,   50,   35,   53
  210622, 60406.524922550,    8,   30,    6,   36,   17,   36,   18,   39
  210622, 60409.979511917,   20,   36,   10,   25,   21,   37,   23,   40
  210622, 60410.068708442,   22,   53,   19,   56,   28,   46,   29,   49
  210622, 60410.212646559,   31,   56,   29,   48,   36,   53,   37,   58
  210622, 60414.678488553,   31,   55,   30,   51,   38,   52,   38,   56
  210622, 60415.464408964,   17,   34,   14,   29,   22,   43,   22,   42
  210622, 60427.498842567,   23,   -1,   19,   -1,   31,   54,   37,   46
  210622, 60432.567169547,   22,   41,   21,   40,   29,   43,   28,   51
  210622, 60433.301551968,   21,   39,   18,   43,   27,   41,   24,   50
  210622, 60434.490707725,   18,   34,   14,   37,   23,   38,   24,   41
  210622, 60434.941507101,    6,   29,    4,   36,   12,   29,   14,   34
  210622, 60437.914076149,   25,   46,   22,   47,   31,   50,   32,   53
  210622, 60450.181941316,   15,   38,   17,   38,   24,   39,   25,   47
  210622, 60453.675692976,   14,   34,   11,   37,   17,   45,   22,   41
  210622, 60457.264190614,    9,   32,    8,   31,   13,   35,   19,   34
  210622, 60462.464043111,   11,   27,    4,   28,   13,   29,   17,   35
  210622, 60469.307990134,    8,   41,   11,   31,   16,   39,   19,   38
  210622, 60481.093670838,   24,   36,   15,   42,   22,   45,   27,   46
  210622, 60491.751727879,   12,   32,   13,   35,   20,   33,   21,   41
  210622, 60496.627225399,   24,   45,   22,   46,   29,   48,   31,   51
  210622, 60501.383817554,   37,   53,   28,   55,   40,   53,   40,   59
  210622, 60514.996636569,   11,   32,    9,   29,   16,   38,   17,   37
  210622, 60515.769094586,    8,   27,    6,   28,   14,   30,   11,   35
  210622, 60518.346212685,    8,   22,    5,   22,   10,   37,    9,   41
  210622, 60522.168047443,    8,   19,    2,   22,    8,   30,   14,   32
  210622, 60524.520148933,   35,   51,   29,   50,   37,   57,   37,   57
  210622, 60526.080199599,   28,   61,   24,   62,   32,   55,   36,   55
  210622, 60528.600520134,   25,   40,   24,   41,   35,   59,   37,   62
  210622, 60539.388732493,   22,   40,   18,   39,   28,   40,   27,   48
  210622, 60544.094975479,   21,   38,   18,   39,   23,   45,   29,   42
  210622, 60551.739116073,   26,   46,   25,   43,   34,   50,   32,   40
  210622, 60552.424293756,   27,   41,   24,   44,   33,   49,   30,   52
  210622, 60561.831313193,   23,   41,   19,   40,   28,   44,   28,   48
  210622, 60563.669266939,   34,   49,   24,   41,   36,   53,   37,   61
  210622, 60583.882201672,    1,   22,    1,   22,    8,   21,   10,   29
  210622, 60586.611282706,   10,   27,    1,   16,   13,   34,   15,   36
  210622, 60596.112719439,   26,   44,   21,   48,   28,   48,   32,   50
  210622, 60604.197251275,    1,   -1,    0,   -1,    7,   44,    9,   43
  210622, 60615.309733838,   21,   53,   18,   56,   25,   50,   27,   56
  210622, 60630.215870753,   12,   38,   10,   33,   19,   38,   19,   43
  210622, 60635.482893765,   24,   48,   26,   46,   36,   47,   30,   58
  210622, 60641.651824653,   17,   37,   14,   35,   19,   38,   25,   41
  210622, 60643.546267390,   12,   26,    8,   27,   14,   32,   16,   35
  210622, 60645.661259949,    8,   24,    3,   25,   11,   26,   12,   32
  210622, 60651.762976468,   17,   34,   15,   33,   24,   41,   26,   42
  210622, 60653.596431971,   19,   43,   15,   50,   23,   41,   27,   45
  210622, 60667.252372921,   25,   45,   23,   42,   30,   48,   32,   51
  210622, 60685.466215760,   24,   35,   16,   42,   28,   39,   29,   48
  210622, 60689.890167236,   27,   45,   22,   43,   31,   51,   34,   46
  210622, 60691.975343764,   16,   49,   11,   49,   21,   37,   21,   43
  210622, 60694.757895470,   20,   35,   15,   37,   25,   43,   23,   45
  210622, 60700.574581742,    3,   28,    4,   21,   10,   25,   10,   29
  210622, 60703.869196415,   11,   28,    7,   33,   15,   36,   19,   37
  210622, 60712.954676628,   13,   36,   12,   39,   17,   40,   23,   35
  210622, 60731.789448559,   29,   59,   33,   54,   35,   65,   40,   63
  210622, 60740.539098322,   30,   51,   29,   53,   37,   52,   39,   55
  210622, 60748.874498308,   11,   28,   11,   32,   18,   32,   19,   37
  210622, 60751.224359244,   20,   36,   16,   38,   24,   38,   25,   40
  210622, 60756.363783479,   26,   46,   21,   47,   28,   55,   34,   50
  210622, 60765.032195479,   18,   36,   13,   36,   20,   37,   24,   42
  210622, 60772.602923989,   14,   37,   11,   36,   17,   39,   21,   45
  210622, 60774.720571458,   20,   45,   22,   39,   24,   43,   29,   58
  210622, 60790.898966908,   11,   25,    7,   29,   13,   33,   17,   35
  210622, 60792.161038846,   20,   42,   22,   39,   26,   45,   29,   47
  210622, 60798.543078303,   27,   43,   23,   52,   30,   50,   33,   54
  210622, 60807.169308767,   24,   41,   19,   48,   26,   46,   28,   57
  210622, 60811.087138481,   12,   26,    7,   30,   13,   31,   16,   33
  210622, 60813.709688663,   29,   50,   28,   47,   35,   52,   36,   57
  210622, 60816.379586071,   26,   49,   29,   46,   35,   51,   34,   56
  210622, 60820.977726758,    8,   36,    6,   32,   13,   28,   16,   34
  210622, 60839.348793000,   16,   34,   14,   34,   18,   46,   24,   45
  210622, 60843.000311960,   20,   31,   10,   41,   17,   41,   22,   52
  210622, 60854.700797856,    8,   34,    5,   38,   14,   34,   14,   34
  210622, 60867.376968294,   14,   32,    9,   33,   18,   32,   20,   38
  210622, 60869.145336717,   14,   39,    9,   44,   20,   37,   20,   41
  210622, 60870.542956829,   20,   41,   16,   42,   23,   43,   26,   48
  210622, 60897.314421773,   20,   36,   15,   42,   24,   42,   24,   45
  210622, 60905.381620646,   30,   45,   26,   46,   33,   54,   35,   56
  210622, 60914.399996161,    8,   51,    5,   -1,   16,   39,   14,   47
  210622, 60920.842521071,   16,   32,   12,   33,   19,   34,   25,   37
  210622, 60927.758042455,   32,   62,   31,   59,   42,   56,   41,   59
  210622, 60928.674170315,   20,   38,   17,   38,   29,   41,   25,   54
  210622, 60932.664243162,    9,   33,    3,   36,   12,   33,   16,   35
  210622, 60937.764072239,   15,   34,   12,   35,   17,   38,   21,   48
  210622, 60943.074854039,    5,   26,    4,   27,   10,   27,   12,   28
  210622, 60945.989346445,   30,   48,   25,   49,   35,   49,   36,   51
  210622, 60950.971054852,   17,   41,   18,   41,   26,   42,   28,   44
  210622, 60952.126185477,   26,   46,   22,   47,   31,   47,   28,   49
  210622, 60957.350636363,   32,   -1,   28,   -1,   40,   56,   41,   57
  210622, 60957.557514131,   29,   45,   25,   49,   33,   50,   34,   55
  210622, 60960.678919494,    4,   27,    6,   27,   13,   26,   14,   35
  210622, 60968.686437428,    3,   21,    0,   23,   11,   20,    6,   31
  210622, 60976.785670400,   26,   47,   21,   44,   31,   45,   31,   52
  210622, 60981.929459810,    1,   27,    0,   20,    6,   24,   11,   26
  210622, 60987.307279170,    7,   33,    5,   38,   15,   30,   18,   28
  210622, 60995.224771082,    8,   38,    6,   35,   13,   36,   14,   41
  210622, 61008.022422001,    5,   -1,    3,   -1,   10,   -1,   11,   -1
  210622, 61014.401631892,    3,   22,    1,   24,   10,   27,    8,   31
  210622, 61024.648977041,   13,   35,   14,   32,   22,   38,   21,   43
  210622, 61033.631920159,    6,   21,    2,   21,   11,   26,   10,   32
  210622, 61037.525424302,    7,   26,    4,   26,   14,   30,   11,   36
  210622, 61051.926383495,   33,   50,   27,   52,   37,   51,   39,   56
  210622, 61053.205036923,    4,   20,    1,   21,    9,   27,    9,   28
  210622, 61061.156044081,   28,   56,   24,   56,   31,   61,   31,   62
  210622, 61061.781135023,   14,   35,    8,   39,   19,   37,   19,   41
  210622, 61070.943932235,   33,   49,   28,   51,   38,   52,   40,   58
  210622, 61096.564352334,   11,   34,    9,   35,   15,   36,   16,   36
  210622, 61107.975405455,   35,   53,   30,   54,   40,   55,   42,   59
  210622, 61114.976098061,   16,   51,   14,   51,   21,   50,   22,   57
  210622, 61140.485770613,   18,   43,   20,   42,   24,   41,   29,   44
  210622, 61150.133504286,   12,   35,   11,   30,   19,   35,   18,   39
  210622, 61152.386368006,   30,   47,   27,   49,   34,   49,   36,   56
  210622, 61157.124192081,   39,   53,   31,   57,   41,   57,   42,   57
  210622, 61167.847838342,    9,   29,    7,   24,   13,   30,   14,   39
  210622, 61177.240491003,   18,   36,   16,   36,   24,   43,   23,   59
  210622, 61185.099547878,   27,   46,   22,   48,   34,   49,   31,   60
  210622, 61188.164988846,   30,   57,   29,   57,   34,   69,   37,   62
  210622, 61214.001777840,   23,   41,   19,   40,   28,   40,   23,   54
  210622, 61215.058851238,   27,   47,   25,   47,   30,   48,   38,   50
  210622, 61218.923000455,   25,   45,   22,   45,   32,   46,   30,   52
  210622, 61228.145440683,   12,   32,   10,   30,   14,   37,   21,   39
  210622, 61232.257880569,   15,   32,   12,   31,   16,   43,   23,   38
  210622, 61250.678565621,    2,   24,    1,   18,    9,   22,    7,   30
  210622, 61261.183469996,   13,   30,    8,   29,   16,   32,   17,   35
  210622, 61275.944271803,   18,   37,   14,   36,   20,   43,   23,   47
  210622, 61304.955502748,   17,   31,   14,   34,   22,   33,   21,   44
  210622, 61305.902442873,   31,   46,   27,   48,   33,   55,   38,   53
  210622, 61306.094676599,   26,   45,   22,   45,   30,   50,   33,   49
  210622, 61321.628552735,   25,   44,   23,   44,   30,   42,   29,   57
  210622, 61326.513680160,   10,   25,    6,   29,   12,   34,   14,   31
  210622, 61329.992856860,   22,   37,   16,   38,   25,   41,   27,   45
  210622, 61336.346691728,   23,   46,   23,   42,   29,   45,   28,   54
  210622, 61343.267140150,   17,   36,   14,   36,   23,   39,   21,   40
  210622, 61354.542768717,   14,   28,    4,   33,   15,   33,   18,   35
  210622, 61354.610182464,   17,   37,   17,   37,   23,   47,   26,   48
  210622, 61360.992290914,   23,   45,   16,   57,   27,   46,   29,   49
  210622, 61375.083996043,   12,   28,    6,   32,   15,   43,   18,   44
  210622, 61378.326431751,   15,   41,   20,   34,   23,   43,   26,   43
  210622, 61381.484421015,   20,   35,   15,   35,   23,   38,   25,   49
  210622, 61400.314293891,   33,   52,   29,   58,   38,   55,   39,   59
  210622, 61407.644572914,   21,   -1,   21,   -1,   30,   50,   31,   54
  210622, 61412.642336488,   32,   79,   30,   79,   40,   61,   42,   64
  210622, 61413.127279475,    4,   -1,    3,   -1,   12,   47,   15,   47
  210622, 61421.422353625,   23,   51,   23,   58,   27,   55,   31,   57
  210622, 61426.628631413,   24,   40,   17,   40,   26,   48,   30,   47
  210622, 61426.850798130,   21,   41,   17,   47,   27,   44,   27,   55
  210622, 61427.813115060,    3,   21,    1,   22,    9,   21,    8,   27
  210622, 61433.261003643,    8,   27,    4,   25,   13,   26,    7,   23
  210622, 61464.389604360,    3,   28,    4,   19,    9,   27,   11,   29
  210622, 61464.536424458,   19,   51,   22,   45,   25,   46,   31,   54
  210622, 61467.679566622,   32,   51,   25,   52,   35,   53,   36,   63
  210622, 61470.869951963,    7,   18,    2,   24,    9,   25,    9,   29
  210622, 61484.000215160,   19,   -1,   16,   -1,   27,   51,   30,   47
  210622, 61492.422675520,   20,   43,   19,   46,   28,   39,   26,   50
  210622, 61499.708907127,   29,   48,   26,   58,   36,   51,   32,   56
  210622, 61504.869172513,   30,   48,   31,   47,   40,   50,   36,   58
  210622, 61505.107116401,    4,   19,    1,   25,    7,   29,   13,   26
  210622, 61508.308950692,    7,   26,    7,   23,   15,   32,   14,   32
  210622, 61508.655729175,   12,   38,   10,   37,   15,   46,   23,   42
  210622, 61515.613195181,   22,   43,   18,   41,   28,   41,   28,   45
  210622, 61523.209308237,   29,   46,   27,   47,   33,   48,   35,   57
  210622, 61525.985682666,   12,   32,    9,   29,   20,   32,   19,   33
  210622, 61526.884889781,   27,   56,   28,   53,   30,   50,   38,   56
  210622, 61531.991126120,   36,   50,   30,   52,   35,   62,   42,   55
  210622, 61533.313958883,   16,   29,   12,   45,   20,   43,   22,   39
  210622, 61533.596206725,   13,   31,    8,   29,   17,   36,   15,   42
  210622, 61537.908491790,    8,   22,    3,   25,   12,   27,   11,   35
  210622, 61541.484538049,   16,   35,    8,   36,   14,   41,   23,   38
  210622, 61544.202103481,   23,   42,   19,   50,   27,   46,   31,   50
  210622, 61545.216284841,    9,   26,    6,   25,   11,   34,   13,   47
  210622, 61549.437586844,   16,   37,   15,   35,   20,   36,   23,   45
  210622, 61550.149734885,   32,   48,   26,   52,   35,   53,   36,   55
  210622, 61556.729166687,   33,   59,   31,   62,   42,   55,   42,   58
  210622, 61557.929509580,   34,   57,   31,   59,   32,   51,   39,   66
  210622, 61563.461710811,   12,   32,    7,   34,   13,   37,   21,   37
  210622, 61563.485069066,   32,   52,   29,   53,   41,   50,   35,   68
  210622, 61595.946835458,    6,   23,    2,   22,   10,   28,   10,   37
  210622, 61596.455072403,   27,   45,   25,   43,   32,   51,   34,   54
  210622, 61602.333766282,   22,   41,   18,   41,   26,   40,   29,   45
  210622, 61604.663378894,   11,   36,    7,   44,   17,   33,   18,   39
  210622, 61605.680033267,   27,   64,   26,   -1,   32,   -1,   32,   -1
  210622, 61612.555185139,   22,   47,   22,   55,   28,   55,   27,   63
  210622, 61616.838375747,   11,   29,   10,   30,   21,   33,   19,   36
  210622, 61629.018175321,    3,   23,    1,   22,    6,   27,    9,   25
  210622, 61633.250156730,   17,   34,   10,   37,   21,   36,   22,   42
  210622, 61635.137132198,   29,   48,   27,   51,   34,   50,   36,   52
  210622, 61643.661404848,    3,   26,    1,   22,    7,   25,   10,   32
  210622, 61650.970534861,    5,   31,    6,   25,   11,   35,   12,   43
  210622, 61654.320545226,   15,   37,   13,   43,   21,   36,   21,   42
  210622, 61657.492977679,   30,   56,   28,   60,   38,   54,   37,   55
  210622, 61674.660793066,   12,   35,   10,   31,   16,   37,   20,   39
  210622, 61686.483506531,    6,   22,    3,   15,   12,   18,    8,   35
  210622, 61688.306488693,   23,   38,   21,   41,   25,   46,   29,   48
  210622, 61689.051043961,   23,   48,   21,   46,   28,   60,   33,   56
  210622, 61697.239537761,    3,   23,    2,   23,    9,   26,   12,   29
  210622, 61699.245239481,   26,   50,   28,   46,   31,   53,   34,   61
  210622, 61700.236746803,   20,   36,   14,   39,   22,   41,   22,   44
  210622, 61702.398118973,   12,   36,   13,   29,   18,   35,   20,   41
  210622, 61704.985301852,    7,   27,    4,   28,    9,   36,   12,   46
  210622, 61710.904781342,   26,   43,   22,   44,   27,   46,   33,   50
  210622, 61710.991403580,   23,   47,   22,   44,   27,   58,   30,   51
  210622, 61711.303508610,   15,   33,    9,   33,   20,   38,   18,   42
  210622, 61711.727494240,   27,   47,   23,   46,   29,   49,   34,   54
  210622, 61722.908231199,   13,   32,    8,   34,   14,   35,   19,   36
  210622, 61731.990661561,    5,   27,   10,   25,   14,   31,   13,   33
  210622, 61757.025967240,   23,   49,   19,   52,   30,   46,   32,   44
  210622, 61762.143281758,   24,   58,   24,   47,   29,   58,   33,   54
  210622, 61781.783028960,   30,   57,   26,   68,   33,   55,   41,   56
  210622, 61782.172809720,   29,   45,   25,   47,   34,   52,   37,   56
  210622, 61784.726023674,   14,   36,    8,   37,   18,   47,   17,   40
  210622, 61805.493484527,   21,   35,   15,   38,   25,   41,   25,   47
  210622, 61808.437329471,   31,   58,   25,   65,   36,   52,   36,   56
  210622, 61813.601093829,   31,   48,   29,   46,   34,   53,   36,   63
  210622, 61815.019707801,    5,   40,    3,   40,    8,   23,   19,   33
  210622, 61816.828054607,   18,   32,   11,   37,   21,   38,   23,   45
  210622, 61817.236466274,   22,   39,   21,   39,   28,   45,   26,   52
  210622, 61846.068369441,   26,   48,   23,   46,   30,   49,   31,   54
  210622, 61846.635500371,    2,   27,    2,   17,    6,   23,   11,   31
  210622, 61848.954434872,   18,   41,   16,   39,   22,   47,   25,   44
  210622, 61854.562771380,    6,   26,    3,   26,   11,   27,   14,   29
  210622, 61854.649215162,   35,   71,   31,   -1,   34,   -1,   37,   73
  210622, 61855.434486091,   31,   49,   30,   48,   38,   52,   38,   59
  210622, 61862.308720052,   20,   49,   17,   51,   24,   44,   29,   48
  210622, 61864.670446754,   24,   47,   19,   58,   22,   42,   28,   66
  210622, 61868.220842913,   25,   44,   21,   38,   30,   46,   32,   50
  210622, 61875.731594682,   17,   36,   14,   33,   21,   38,   23,   44
  210622, 61882.108592838,    9,   30,    7,   29,   14,   39,   17,   33
  210622, 61885.891683638,   12,   30,    8,   29,   16,   32,   17,   36
  210622, 61887.262931645,   22,   41,   18,   41,   26,   41,   29,   51
  210622, 61890.266498834,   27,   39,   18,   49,   27,   53,   30,   48
  210622, 61892.875751615,   24,   39,   21,   40,   29,   47,   25,   52
  210622, 61908.877659261,   11,   34,   13,   29,   21,   32,   19,   43
  210622, 61911.613687575,   20,   47,   18,   47,   27,   45,   27,   48
  210622, 61926.307108402,    5,   22,    0,   21,    9,   26,   11,   27
  210622, 61928.713326216,   19,   34,   14,   43,   23,   38,   23,   43
  210622, 61945.282118350,   10,   32,    8,   28,   15,   36,   17,   35
  210622, 61948.498213202,   20,   41,   20,   43,   26,   44,   28,   47
  210622, 61952.224784598,   33,   52,   28,   50,   34,   60,   41,   57
  210622, 61991.730618775,   14,   -1,   15,   47,   25,   41,   28,   42
  210622, 62006.452314198,   29,   35,   24,   43,   25,   45,   29,   54
  210622, 62016.021812961,    7,   31,    8,   29,   14,   29,   15,   38
  210622, 62023.340103567,   27,   32,   17,   47,   24,   42,   26,   44
  210622, 62024.788855135,    2,   21,    3,   21,    8,   26,   12,   34
  210622, 62026.911773264,   18,   36,   13,   37,   21,   37,   25,   42
  210622, 62037.058523081,   34,   49,   28,   50,   35,   56,   39,   53
  210622, 62044.382329226,   17,   37,   16,   37,   22,   44,   23,   47
  210622, 62064.425884187,   22,   37,   18,   42,   26,   42,   26,   45
  210622, 62070.318250269,   25,   38,   20,   45,   31,   41,   29,   48
  210622, 62072.563595295,    3,   28,    5,   22,   14,   27,   12,   33
  210622, 62085.155034557,   10,   29,    7,   31,   14,   38,   17,   35
  210622, 62087.170252487,   18,   39,   16,   36,   21,   42,   24,   43
  210622, 62098.698791146,   23,   45,   21,   46,   30,   48,   32,   46
  210622, 62109.431946874,   31,   54,   26,   59,   34,   52,   38,   53
  210622, 62112.175878316,   11,   33,    9,   32,   18,   34,   20,   34
  210622, 62118.329200387,    5,   19,    1,   20,    8,   25,   10,   27
  210622, 62133.215669677,   27,   43,   18,   46,   30,   45,   31,   49
  210622, 62152.093295000,   10,   48,    8,   -1,   19,   42,   19,   44
  210622, 62152.480048358,   10,   24,    3,   27,   13,   29,   12,   38
  210622, 62160.284239590,   34,   51,   31,   53,   37,   59,   43,   57
  210622, 62164.078041680,    3,   23,    1,   18,    9,   27,   11,   27
  210622, 62171.940471053,   14,   33,   13,   33,   20,   38,   22,   39
  210622, 62184.271371454,   16,   33,   13,   37,   21,   38,   20,   46
  210622, 62187.192364678,   19,   38,   17,   37,   24,   39,   27,   46
  210622, 62187.885763824,   19,   44,   15,   47,   28,   39,   22,   58
  210622, 62193.759932339,   30,   48,   30,   53,   37,   52,   35,   54
  210622, 62196.025794281,    2,   26,    1,   20,    7,   23,    8,   29
  210622, 62207.294482440,   24,   45,   19,   44,   25,   51,   27,   60
  210622, 62242.428908408,    8,   25,    5,   25,   10,   29,   13,   33
  210622, 62247.081545442,    6,   21,    2,   23,   10,   26,    6,   36
  210622, 62247.712478578,   29,   44,   25,   42,   28,   54,   35,   56
  210622, 62248.592010498,   17,   29,   12,   38,   22,   36,   24,   38
  210622, 62251.993870854,   28,   51,   21,   45,   31,   49,   34,   52
  210622, 62252.175502837,    7,   20,    2,   26,    9,   28,   13,   31
  210622, 62252.877955854,   17,   28,    9,   31,   18,   41,   20,   46
  210622, 62283.479318589,   32,   49,   28,   50,   37,   53,   37,   58
  210622, 62286.599107862,   31,   52,   30,   49,   33,   61,   39,   56
  210622, 62293.067516357,   18,   39,   18,   36,   23,   42,   30,   43
  210622, 62295.142777920,   17,   33,    9,   48,   22,   37,   23,   42
  210622, 62299.866759002,   25,   41,   19,   46,   27,   43,   31,   48
  210622, 62314.520400882,   10,   40,   10,   29,   16,   35,   20,   34
  210622, 62319.343126267,   25,   43,   22,   42,   31,   43,   30,   48
  210622, 62330.738779664,   24,   39,   20,   46,   27,   51,   30,   47
  210622, 62331.726264179,    2,   29,    1,   27,   11,   23,    9,   28
  210622, 62332.690677941,   20,   35,   16,   38,   25,   41,   25,   50
  210622, 62347.294652313,   28,   48,   27,   47,   32,   55,   34,   57
  210622, 62348.596009970,   17,   37,   14,   34,   24,   34,   22,   41
  210622, 62358.856460929,    6,   40,    2,   45,   10,   43,   12,   46
  210622, 62369.316095769,   32,   53,   29,   47,   37,   54,   37,   55
  210622, 62374.754921734,   24,   43,   21,   45,   32,   45,   32,   46
  210622, 62392.079419158,    5,   31,    9,   25,   12,   41,   14,   35
  210622, 62392.370102227,   20,   41,   14,   42,   25,   38,   26,   42
  210622, 62397.830618322,   22,   36,   17,   38,   25,   42,   27,   46
  210622, 62415.284269094,   35,   81,   30,   -1,   38,   65,   42,   -1
  210622, 62430.943587899,   28,   58,   27,   58,   35,   50,   37,   54
  210622, 62431.694292486,   25,   47,   22,   49,   30,   49,   33,   48
  210622, 62441.110007718,   11,   28,    8,   29,   17,   34,   16,   34
  210622, 62444.089709356,   14,   30,   12,   34,   21,   34,   20,   40
  210622, 62461.254806012,   26,   45,   23,   46,   28,   57,   30,   61
  210622, 62461.893109500,   17,   38,   14,   37,   23,   37,   23,   45
  210622, 62488.269073755,   16,   40,   18,   36,   22,   39,   26,   42
  210622, 62507.621467710,   14,   39,   12,   37,   18,   39,   22,   37
  210622, 62510.088911757,   33,   51,   30,   55,   33,   56,   41,   56
  210622, 62513.766308904,   27,   46,   25,   43,   31,   44,   27,   52
  210622, 62518.520633101,   28,   52,   25,   52,   32,   51,   37,   56
  210622, 62520.568026841,   27,   43,   26,   44,   32,   53,   33,   50
  210622, 62524.988542736,   24,   39,   23,   42,   28,   46,   30,   50
  210622, 62530.172280997,   11,   37,   10,   30,   15,   40,   19,   41
  210622, 62533.266640186,   11,   27,    8,   32,   17,   30,   18,   33
  210622, 62533.884968698,   35,   52,   30,   52,   37,   59,   43,   59
  210622, 62542.022874599,   26,   49,   26,   46,   33,   47,   31,   54
  210622, 62574.459353596,    9,   28,    5,   31,   14,   29,   14,   39
  210622, 62578.161174074,   20,   52,   17,   58,   25,   48,   27,   54
  210622, 62589.481456161,   13,   36,   14,   31,   19,   36,   23,   40
  210622, 62592.096296683,    9,   29,    7,   25,   15,   32,   15,   32
  210622, 62599.126575485,   20,   39,   20,   41,   27,   44,   27,   50
  210622, 62609.256831080,   19,   38,   15,   39,   23,   40,   23,   47
  210622, 62617.152662754,   17,   40,   17,   36,   24,   39,   23,   47
  210622, 62623.663527846,   12,   35,   10,   38,   14,   40,   21,   37
  210622, 62627.077453323,    7,   29,    2,   38,   13,   30,   14,   31
  210622, 62628.265219748,   17,   34,   15,   34,   21,   40,   25,   41
  210622, 62644.719970524,   30,   49,   30,   49,   36,   53,   38,   55
  210622, 62645.715745091,    0,   24,    0,   34,    3,   34,    5,   31
  210622, 62646.533707500,   25,   42,   23,   42,   29,   51,   30,   46
  210622, 62649.334659278,   28,   49,   30,   48,   36,   51,   38,   61
  210622, 62653.506733179,   27,   42,   24,   45,   32,   47,   32,   51
  210622, 62654.945693791,   19,   41,   19,   40,   26,   47,   31,   48
  210622, 62672.350516886,   19,   39,   19,   37,   25,   42,   25,   46
  210622, 62677.512453616,   14,   33,   10,   35,   18,   35,   17,   45
  210622, 62682.593580663,   12,   33,    9,   28,   17,   38,   19,   37
  210622, 62683.122389004,    7,   31,    9,   30,   13,   37,   16,   34
  210622, 62687.900046468,    3,   24,    2,   24,    7,   31,   11,   30
  210622, 62700.298569202,    4,   -1,    4,   -1,   14,   34,   15,   40
  210622, 62704.067410477,   10,   29,    8,   30,   11,   38,   19,   35
  210622, 62718.713151515,   15,   44,   18,   38,   24,   37,   25,   43
  210622, 62724.616186798,   19,   47,   21,   45,   28,   49,   30,   54
  210622, 62738.446411908,   13,   30,   12,   28,   20,   36,   17,   41
  210622, 62741.422642916,   30,   47,   28,   46,   32,   54,   37,   61
  210622, 62741.667964995,   17,   32,   13,   37,   19,   35,   22,   40
  210622, 62744.297532916,   25,   45,   26,   44,   30,   51,   34,   55
  210622, 62762.604719698,    7,   30,    7,   29,   12,   33,   17,   36
  210622, 62765.519032061,   29,   47,   26,   45,   32,   53,   35,   51
  210622, 62766.621793032,   32,   50,   28,   53,   36,   55,   40,   55
  210622, 62769.100595877,   32,   50,   31,   49,   37,   52,   38,   56
  210622, 62770.739806712,    9,   27,    5,   30,   13,   34,   16,   37
  210622, 62776.169160083,    6,   28,    6,   30,   12,   34,   16,   35
  210622, 62781.899232626,   34,   61,   30,   59,   40,   54,   39,   62
  210622, 62793.855509222,   10,   24,    4,   29,   14,   29,   14,   34
  210622, 62798.540049136,   13,   31,   13,   29,   19,   36,   23,   37
  210622, 62815.210153520,   12,   39,   15,   38,   20,   41,   17,   51
  210622, 62834.578042388,   13,   32,    8,   29,   16,   33,   18,   36
  210622, 62841.364649236,   36,   51,   29,   53,   39,   55,   39,   60
  210622, 62844.685577095,   29,   47,   25,   47,   31,   52,   33,   61
  210622, 62864.161996201,   24,   51,   27,   44,   31,   55,   34,   52
  210622, 62864.276440442,   21,   34,   17,   40,   23,   39,   28,   44
  210622, 62866.136839524,    3,   21,    3,   22,    9,   23,   10,   32
  210622, 62891.653862178,   25,   50,   22,   57,   27,   55,   33,   52
  210622, 62892.464236110,   17,   53,   14,   54,   24,   43,   25,   50
  210622, 62895.640880406,   16,   37,   13,   38,   21,   41,   20,   42
  210622, 62900.421670049,    9,   27,    5,   25,   15,   30,   11,   34
  210622, 62914.367732286,   18,   44,   17,   44,   25,   38,   28,   43
  210622, 62919.613067985,   27,   45,   22,   51,   29,   48,   32,   55
  210622, 62920.543465137,   19,   35,   14,   37,   20,   47,   24,   39
  210622, 62921.027597159,   26,   45,   23,   49,   30,   48,   33,   49
  210622, 62922.910945594,   17,   41,   16,   37,   21,   44,   26,   41
  210622, 62924.122669041,   17,   40,   16,   41,   22,   44,   25,   48
  210622, 62927.183712155,   31,   49,   30,   50,   35,   55,   38,   60
  210622, 62947.534563780,   14,   29,   12,   33,   16,   35,   21,   36
  210622, 62957.566405237,   35,   52,   31,   52,   41,   55,   41,   61
  210622, 62971.162211359,    8,   22,    3,   25,   12,   28,   13,   32
  210622, 62971.683767974,   29,   49,   24,   49,   35,   50,   34,   53
  210622, 62974.736987174,   14,   32,    8,   30,   19,   33,   18,   38
  210622, 62984.710439384,   12,   35,   12,   32,   17,   43,   22,   39
  210622, 62991.006030360,   15,   31,   12,   31,   22,   35,   19,   41
  210622, 62992.611497581,    6,   23,    2,   34,    6,   30,   13,   25
  210622, 63025.542290270,   33,   51,   30,   51,   36,   59,   39,   56
  210622, 63039.743662477,    7,   25,    5,   29,   13,   32,   13,   33
  210622, 63063.239693761,   32,   48,   28,   48,   34,   53,   39,   53
  210622, 63071.499290198,    8,   27,    6,   26,   14,   33,   14,   38
  210622, 63075.697941780,   18,   41,   14,   36,   23,   40,   23,   47
  210622, 63089.448509723,   27,   45,   23,   45,   29,   45,   33,   51
  210622, 63089.962092042,    6,   22,    3,   30,   10,   27,   12,   34
  210622, 63104.143146321,   23,   42,   20,   45,   28,   47,   29,   49
  210622, 63111.720983028,    9,   30,    4,   40,   13,   31,   14,   40
  210622, 63120.730060637,   24,   46,   25,   50,   28,   51,   36,   49
  210622, 63148.817681253,    4,   -1,    5,   -1,   14,   41,   14,   44
  210622, 63149.511085093,   33,   46,   26,   53,   37,   52,   36,   59
  210622, 63157.319673002,    6,   20,    2,   24,    6,   38,   14,   26
  210622, 63161.705945551,   19,   51,   15,   60,   22,   55,   24,   60
  210622, 63163.871209741,   19,   51,   19,   49,   31,   57,   32,   -1
  210622, 63172.718287051,   18,   36,   17,   35,   24,   41,   24,   47
  210622, 63195.866806865,   20,   63,   19,   58,   30,   47,   30,   51
  210622, 63197.339545041,    4,   27,    4,   29,   13,   30,   10,   33
  210622, 63202.571734607,   15,   32,   13,   36,   20,   36,   21,   46
  210622, 63209.000347640,   15,   34,   14,   34,   20,   34,   24,   40
  210622, 63212.133054674,   32,   50,   29,   50,   37,   54,   39,   57
  210622, 63213.948164940,   11,   35,    9,   32,   12,   30,   12,   37
  210622, 63216.413506478,   26,   50,   27,   47,   32,   50,   34,   57
  210622, 63223.616930664,    3,   22,    0,   21,    6,   22,    8,   26
  210622, 63231.069192283,   28,   42,   17,   31,   31,   45,   31,   50
  210622, 63238.967993617,   26,   45,   22,   53,   31,   52,   33,   53
  210622, 63243.896029532,   27,   47,   24,   48,   31,   53,   34,   56
  210622, 63267.799488604,   12,   31,    8,   34,   14,   33,   18,   36
  210622, 63268.301087290,   21,   42,   24,   38,   29,   45,   32,   47
  210622, 63281.499887049,   28,   39,   18,   43,   31,   47,   27,   53
  210622, 63299.525859177,   30,   42,   23,   47,   34,   44,   30,   56
  210622, 63304.679591596,   15,   28,   11,   32,   13,   55,   16,   -1
  210622, 63319.693607807,   35,   55,   31,   55,   41,   52,   40,   61
  210622, 63319.852888584,   29,   53,   23,   63,   34,   53,   37,   52
  210622, 63328.155781001,   22,   41,   19,   39,   28,   42,   29,   45
  210622, 63337.052227881,   23,   -1,   20,   -1,   29,   -1,   30,   -1
  210622, 63339.712694943,   26,   42,   23,   45,   33,   50,   32,   52
  210622, 63344.976169944,   29,   48,   27,   46,   34,   50,   37,   53
  210622, 63349.029734120,   26,   39,   19,   42,   28,   45,   31,   47
  210622, 63358.364701003,   11,   28,    9,   30,   19,   34,   18,   28
  210622, 63364.489175200,   17,   44,   15,   41,   25,   37,   25,   41
  210622, 63368.004324800,   34,   52,   30,   60,   40,   57,   39,   61
  210622, 63374.454375714,   30,   41,   25,   51,   32,   52,   33,   60
  210622, 63375.238380834,   19,   36,   17,   37,   22,   38,   27,   41
  210622, 63380.559769869,   20,   52,   18,   57,   26,   52,   26,   52
  210622, 63395.035278480,   31,   52,   28,   51,   36,   51,   36,   57
  210622, 63409.009353400,   11,   28,    9,   28,   16,   31,   18,   38
  210622, 63411.969166458,   22,   39,   16,   37,   21,   44,   26,   45
  210622, 63414.504801929,   14,   33,   10,   31,   20,   35,   22,   38
  210622, 63417.395358771,    0,   31,    2,   19,    7,   24,   14,   17
  210622, 63428.390110731,   20,   40,   16,   37,   23,   42,   25,   42
  210622, 63432.518812299,   29,   57,   27,   60,   38,   52,   31,   49
  210622, 63442.776735306,   20,   42,   17,   43,   28,   45,   29,   49
  210622, 63448.330976546,    7,   28,    4,   26,   15,   25,   12,   31
  210622, 63449.419340789,   28,   48,   27,   43,   36,   50,   37,   52
  210622, 63470.994754612,   22,   41,   23,   36,   26,   45,   28,   48
  210622, 63497.821199894,   25,   44,   22,   48,   28,   48,   32,   48
  210622, 63503.914838433,    3,   23,    2,   36,    8,   32,   10,   39
  210622, 63509.058334440,    9,   31,    5,   30,   13,   30,   14,   37
  210622, 63518.286245435,   11,   35,   13,   33,   19,   37,   21,   41
  210622, 63524.310983241,    5,   21,    3,   20,    9,   26,   11,   34
  210622, 63526.947678924,   24,   60,   22,   67,   32,   50,   32,   60
  210622, 63558.469223052,   18,   36,   13,   37,   17,   33,   23,   48
  210622, 63590.407204926,   16,   48,   16,   46,   23,   41,   25,   48
  210622, 63600.035371918,    7,   26,    1,   24,    8,   30,   12,   35
  210622, 63608.148085073,    8,   -1,    5,   -1,   13,   -1,   15,   -1
  210622, 63617.145890355,   27,   57,   32,   49,   34,   55,   43,   50
  210622, 63618.268420964,   27,   41,   20,   34,   28,   46,   32,   54
  210622, 63624.926526308,   29,   44,   29,   45,   34,   52,   34,   59
  210622, 63625.004435320,   13,   52,   12,   53,   19,   55,   21,   -1
  210622, 63625.435021549,   18,   36,   14,   34,   25,   37,   23,   40
  210622, 63626.146211520,   20,   33,   15,   33,   22,   39,   17,   34
  210622, 63629.868631661,   16,   38,   16,   34,   21,   36,   23,   47
  210622, 63631.974937022,   34,   50,   31,   50,   38,   54,   41,   57
  210622, 63633.389976472,    8,   39,    6,   39,   14,   33,   16,   35
  210622, 63634.192628279,   21,   39,   12,   48,   27,   40,   24,   51
  210622, 63638.606412530,   25,   43,   22,   42,   29,   47,   32,   50
  210622, 63640.359676749,   19,   43,   14,   44,   19,   45,   27,   41
  210622, 63646.946540654,   14,   33,    8,   32,   19,   31,   18,   37
  210622, 63665.499022752,    7,   35,    5,   35,   15,   41,   17,   44
  210622, 63666.133425117,   30,   48,   26,   45,   38,   47,   33,   55
  210622, 63666.699254036,    5,   29,    5,   27,   11,   31,   13,   31
  210622, 63674.275174588,    8,   23,    3,   25,   10,   28,   11,   30
  210622, 63674.696240604,   16,   35,   14,   37,   20,   39,   23,   42
  210622, 63678.351764828,   17,   33,   10,   31,   20,   35,   21,   39
  210622, 63680.574972093,    4,   22,    1,   22,    7,   23,   11,   30
  210622, 63681.097541519,   33,   51,   28,   53,   32,   49,   42,   54
  210622, 63706.149579436,   12,   31,    7,   31,   13,   35,   20,   37
  210622, 63740.507529259,   30,   58,   29,   51,   34,   53,   38,   60
  210622, 63746.743072748,   30,   50,   26,   51,   37,   54,   39,   61
  210622, 63754.567839921,    9,   29,    4,   33,   12,   30,   14,   32
  210622, 63758.765148818,    9,   23,    5,   31,   16,   29,   12,   33
  210622, 63759.028750001,   11,   26,    6,   29,   16,   29,   13,   38
  210622, 63760.961107373,   32,   47,   26,   56,   35,   52,   37,   55
  210622, 63782.554348707,   36,   54,   30,   53,   39,   58,   40,   60
  210622, 63810.385180771,   19,   38,   13,   37,   21,   51,   23,   60
  210622, 63811.611388385,   12,   44,   13,   29,   15,   54,   17,   -1
  210622, 63818.004876640,   14,   27,    7,   35,   21,   34,   13,   41
  210622, 63843.056534041,   33,   48,   29,   52,   36,   53,   37,   63
  210622, 63848.572591543,    7,   29,    2,   39,    5,   -1,   14,   38
  210622, 63884.983140826,   27,   43,   22,   44,   29,   48,   33,   48
  210622, 63908.814078212,   15,   33,   13,   34,   19,   39,   21,   45
  210622, 63912.185356393,    3,   21,    0,   20,   11,   24,    7,   29
  210622, 63933.544201851,   14,   47,   12,   40,   21,   32,   22,   42
  210622, 63935.102285482,   16,   34,   12,   42,   18,   39,   23,   35
  210622, 63940.737360358,   20,   48,   18,   42,   24,   50,   29,   47
  210622, 63941.943694353,   17,   42,   17,   39,   24,   43,   27,   44
  210622, 63953.982740104,   20,   36,   18,   37,   24,   44,   24,   53
  210622, 63956.725455821,   27,   48,   26,   43,   33,   48,   33,   51
  210622, 63971.320063919,    9,   23,    5,   26,   10,   37,   12,   35
  210622, 63971.694980085,   30,   45,   24,   45,   31,   50,   36,   50
  210622, 63977.708660424,    1,   20,    0,   19,    4,   33,    5,   36
  210622, 63979.946936011,   25,   45,   22,   42,   32,   48,   28,   62
  210622, 63988.510966480,   11,   31,   11,   31,   17,   31,   14,   37
  210622, 63990.201238006,   12,   32,    9,   34,   18,   35,   19,   35
  210622, 63995.527213573,   20,   41,   19,   45,   28,   43,   23,   47
  210622, 63996.621370137,   23,   48,   26,   47,   32,   48,   33,   53
  210622, 64002.588308811,   29,   49,   24,   48,   34,   49,   32,   60
  210622, 64007.404423803,   32,   53,   29,   57,   36,   54,   40,   55
  210622, 64014.819942415,    7,   27,    3,   35,   12,   31,   12,   34
  210622, 64022.297274113,   28,   46,   27,   43,   33,   49,   34,   53
  210622, 64022.769214928,   29,   50,   25,   47,   33,   52,   35,   58
  210622, 64029.280530274,   15,   34,    8,   37,   18,   33,   19,   40
  210622, 64030.483142614,   21,   39,   13,   44,   23,   43,   27,   45
  210622, 64031.468176633,   13,   33,   13,   33,   21,   34,   21,   39
  210622, 64035.056745321,   11,   26,    8,   27,   16,   30,   17,   38
  210622, 64047.861039937,   25,   43,   24,   41,   29,   45,   33,   48
  210622, 64081.723153293,   24,   43,   20,   41,   30,   42,   29,   48
  210622, 64082.900269806,   23,   40,   19,   37,   25,   42,   29,   49
  210622, 64087.573644936,   14,   35,    6,   43,   19,   37,   17,   41
  210622, 64098.866307855,    3,   25,    3,   22,    9,   28,   10,   33
  210622, 64108.828801095,   18,   36,   16,   39,   23,   38,   24,   46
  210622, 64116.026685201,   29,   42,   18,   35,   29,   48,   32,   56
  210622, 64125.091353558,   13,   30,    8,   34,   19,   30,   16,   39
  210622, 64135.604648829,   17,   53,   15,   53,   23,   49,   24,   53
  210622, 64142.730728507,   22,   41,   21,   44,   26,   46,   30,   44
  210622, 64143.432569891,    5,   26,    2,   24,   13,   23,    8,   36
  210622, 64148.407720119,    9,   20,    2,   22,   10,   36,   13,   30
  210622, 64153.338289320,   33,   67,   31,   74,   36,   -1,   38,   -1
  210622, 64162.800545096,    3,   31,    6,   22,    8,   42,    9,   47
  210622, 64172.597374320,   24,   43,   19,   44,   29,   44,   28,   52
  210622, 64179.520964146,   31,   52,   32,   47,   36,   57,   41,   59
  210622, 64193.393671960,   21,   39,   16,   36,   26,   36,   28,   48
  210622, 64197.387605280,   10,   36,    7,   37,   14,   41,   18,   43
  210622, 64197.604762197,   17,   43,   15,   37,   20,   43,   24,   42
  210622, 64220.496588677,   19,   34,   16,   47,   22,   41,   24,   43
  210622, 64231.984837770,    4,   30,    8,   26,   15,   28,   13,   34
  210622, 64236.571353137,   32,   57,   25,   55,   35,   54,   38,   56
  210622, 64248.689670086,   15,   27,    9,   34,   20,   33,   20,   36
  210622, 64251.024915680,    3,   22,    1,   21,    7,   28,   10,   29
  210622, 64261.464646786,   19,   42,   19,   41,   27,   36,   26,   45
  210622, 64263.678132892,   24,   36,   17,   43,   28,   44,   28,   48
  210622, 64265.692609549,   12,   55,   11,   45,   18,   55,   23,   43
  210622, 64295.867803812,   38,   55,   30,   60,   38,   60,   43,   60
  210622, 64300.529857039,    2,   39,    0,   34,    6,   40,    8,   47
  210622, 64314.637072086,   17,   42,   17,   36,   24,   44,   26,   44
  210622, 64321.624153078,    6,   33,    3,   39,    8,   32,   15,   31
  210622, 64330.483811915,    7,   27,    7,   28,   15,   30,   16,   34
  210622, 64357.431812346,   10,   32,   13,   29,   17,   35,   22,   41
  210622, 64370.700332940,    6,   36,    4,   31,    9,   34,   14,   37
  210622, 64382.332298845,   25,   39,   20,   45,   30,   46,   29,   52
  210622, 64389.724625230,   26,   48,   25,   45,   32,   53,   35,   57
  210622, 64394.499567568,    2,   27,    1,   24,   10,   23,   10,   30
  210622, 64399.490698248,   34,   60,   31,   64,   39,   55,   42,   61
  210622, 64399.635530889,    8,   26,    8,   31,   15,   28,   16,   35
  210622, 64406.019096680,   31,   48,   28,   50,   33,   55,   38,   55
  210622, 64407.065413520,    6,   36,    4,   36,   11,   42,    8,   -1
  210622, 64410.630074024,   29,   40,   22,   45,   30,   57,   32,   53
  210622, 64414.854583740,    7,   24,    1,   26,    9,   26,   12,   32
  210622, 64415.291732401,   11,   51,   10,   55,   18,   47,   20,   52
  210622, 64423.518426657,   20,   42,   17,   38,   23,   45,   27,   48
  210622, 64431.459851086,   37,   53,   31,   51,   41,   59,   42,   60
  210622, 64444.962137938,   31,   53,   31,   53,   38,   52,   38,   59
  210622, 64445.041243199,   15,   34,   16,   35,   22,   41,   22,   43
  210622, 64447.849017978,   31,   47,   26,   52,   36,   48,   34,   56
  210622, 64449.203266680,   13,   35,   15,   36,   20,   40,   21,   41
  210622, 64450.113635600,   11,   26,    4,   33,   14,   32,   13,   39
  210622, 64450.921034932,    7,   26,    2,   25,    9,   30,   11,   30
  210622, 64456.032228440,    1,   28,    6,   22,   10,   27,   12,   28
  210622, 64459.830424905,   13,   35,   10,   34,   19,   31,   18,   35
  210622, 64462.338984430,   32,   48,   27,   48,   37,   49,   39,   52
  210622, 64484.074785084,    4,   20,    2,   16,    6,   31,    7,   38
  210622, 64486.587252498,   19,   38,   18,   40,   20,   43,   27,   45
  210622, 64496.224553287,   21,   43,   18,   36,   27,   44,   29,   48
  210622, 64509.444373727,    5,   31,    5,   25,    9,   28,   15,   29
  210622, 64513.988187850,    7,   31,   11,   25,   12,   33,   16,   35
  210622, 64519.561015844,   11,   40,    8,   38,   19,   44,   19,   49
  210622, 64533.006772760,   17,   36,   14,   38,   23,   35,   25,   41
  210622, 64556.403218031,   17,   34,   12,   34,   21,   37,   23,   41
  210622, 64557.219190359,    6,   27,    4,   27,   17,   30,   13,   -1
  210622, 64560.288946152,   27,   45,   21,   40,   30,   46,   31,   48
  210622, 64563.027131001,   19,   32,   14,   45,   22,   40,   22,   51
  210622, 64570.287845492,   36,   54,   29,   54,   37,   57,   41,   58
  210622, 64578.901017785,   14,   37,    8,   39,   19,   32,   17,   40
  210622, 64580.732337534,   21,   35,   17,   41,   27,   39,   25,   47
  210622, 64583.418473572,   28,   45,   26,   48,   31,   51,   34,   58
  210622, 64585.967680097,   15,   37,   15,   32,   18,   38,   23,   40
  210622, 64586.634305060,   14,   32,   11,   29,   19,   35,   15,   42
  210622, 64591.886801183,   18,   36,   16,   33,   22,   44,   20,   51
  210622, 64594.868208408,   25,   42,   24,   44,   31,   48,   30,   49
  210622, 64597.005491920,   12,   32,   11,   35,   18,   32,   18,   40
  210622, 64601.435119212,   11,   46,   16,   35,   22,   38,   19,   44
  210622, 64610.148711041,   14,   31,    6,   34,   18,   31,   16,   38
  210622, 64615.026134400,   16,   45,   12,   48,   21,   41,   22,   52
  210622, 64616.052501559,   29,   48,   27,   45,   33,   50,   37,   52
  210622, 64616.986238062,   21,   40,   21,   42,   26,   42,   30,   47
  210622, 64631.259639412,   17,   32,   13,   39,   21,   40,   24,   45
  210622, 64635.267164588,    1,   27,    0,   20,    7,   26,    9,   26
  210622, 64635.372894555,   12,   38,   14,   33,   21,   35,   21,   43
  210622, 64643.163490042,    8,   35,   12,   30,   16,   35,   18,   37
  210622, 64663.871427834,   33,   47,   29,   59,   41,   53,   38,   65
  210622, 64679.463858306,   24,   44,   18,   42,   27,   45,   30,   43
  210622, 64679.885826647,   31,   50,   29,   51,   36,   57,   39,   58
  210622, 64686.534737647,   20,   39,   17,   53,   26,   41,   26,   45
  210622, 64692.218932167,   15,   44,   17,   33,   22,   46,   23,   53
  210622, 64718.553742647,   26,   43,   23,   45,   32,   49,   30,   49
  210622, 64724.759662628,   23,   39,   15,   43,   25,   41,   27,   45
  210622, 64726.328394800,   15,   35,   13,   32,   16,   41,   24,   35
  210622, 64730.001246680,   28,   42,   20,   47,   31,   50,   32,   48
  210622, 64734.160537362,    2,   23,    4,   23,   11,   23,    8,   32
  210622, 64735.763345897,   16,   37,   17,   39,   20,   41,   28,   39
  210622, 64738.752224445,   19,   35,   14,   35,   19,   49,   26,   40
  210622, 64742.300602168,    3,   21,    0,   21,    7,   24,    8,   25
  210622, 64743.076562323,   13,   34,   10,   31,   18,   38,   20,   37
  210622, 64749.824052036,   27,   47,   24,   47,   33,   48,   30,   60
  210622, 64755.878382623,   10,   38,    9,   38,   16,   33,   19,   35
  210622, 64768.415897787,    4,   20,    0,   24,    7,   25,   12,   26
  210622, 64784.260149151,    8,   32,   11,   29,   15,   33,   18,   37
  210622, 64786.522805870,    4,   20,    2,   18,    7,   25,    8,   27
  210622, 64800.105397962,   35,   56,   31,   56,   39,   52,   39,   64
  210622, 64812.866577327,   26,   39,   20,   41,   27,   50,   31,   49
  210622, 64820.453546315,    8,   32,    8,   28,   15,   35,   14,   36
  210622, 64825.635314226,   22,   42,   21,   40,   24,   49,   31,   51
  210622, 64827.177512601,   24,   45,   19,   46,   28,   51,   30,   46
  210622, 64828.580626130,   32,   46,   25,   49,   33,   47,   35,   50
  210622, 64840.713115513,    6,   20,    0,   22,   11,   28,    9,   32
  210622, 64842.572188199,   10,   34,    7,   51,   15,   40,   16,   44
  210622, 64843.065253563,   31,   64,   28,   63,   35,   61,   36,   69
  210622, 64848.871527135,   14,   39,   15,   36,   21,   41,   23,   47
  210622, 64853.320838690,    0,   20,    2,   21,    6,   22,    7,   34
  210622, 64854.926930904,    7,   26,    4,   28,    9,   35,   13,   34
  210622, 64872.199401483,   19,   -1,   20,   58,   25,   57,   33,   49
  210622, 64894.024202760,   25,   43,   22,   44,   28,   50,   31,   51
  210622, 64905.354539454,   29,   44,   22,   45,   34,   48,   33,   56
  210622, 64906.069748722,   20,   46,   16,   38,   25,   43,   25,   49
  210622, 64910.677431345,    5,   23,    2,   21,    7,   29,   10,   31
  210622, 64926.772007942,   12,   32,    9,   32,   19,   34,   19,   42
  210622, 64941.247936517,   24,   44,   18,   46,   27,   45,   28,   48
  210622, 64948.729363441,   32,   46,   23,   52,   33,   48,   35,   55
  210622, 64962.298911393,    7,   29,    6,   27,   12,   30,   16,   34
  210622, 64968.224783242,   19,   40,   16,   36,   22,   42,   26,   42
  210622, 64970.233826995,   11,   36,    9,   34,   16,   33,   19,   35
  210622, 64972.401077360,   29,   47,   26,   48,   31,   58,   36,   54
  210622, 64981.745960951,   18,   39,   13,   39,   22,   39,   25,   38
  210622, 64984.702541888,   28,   44,   28,   48,   34,   49,   36,   58
  210622, 65015.772986412,   33,   55,   30,   56,   39,   64,   41,   68
  210622, 65020.225802362,   22,   49,   22,   45,   30,   46,   30,   47
  210622, 65027.134277403,   17,   32,   13,   32,   17,   39,   24,   36
  210622, 65033.089739278,    5,   26,    2,   36,   10,   27,   10,   31
  210622, 65035.855533779,   24,   54,   19,   57,   31,   51,   33,   46
  210622, 65041.528356373,    8,   22,    1,   24,    8,   27,   13,   30
  210622, 65048.565735936,    2,   20,    0,   17,    7,   19,    8,   29
  210622, 65072.014653000,   19,   42,   15,   39,   23,   49,   26,   55
  210622, 65086.339750350,   20,   38,   15,   38,   24,   46,   27,   51
  210622, 65087.250648916,   15,   60,   17,   56,   31,   -1,   36,   -1
  210622, 65089.533865929,    8,   31,    8,   27,   15,   28,   14,   36
  210622, 65101.254348129,   16,   33,   12,   31,   19,   38,   23,   34
  210622, 65105.243038356,   26,   44,   22,   43,   29,   51,   31,   49
  210622, 65108.563831031,   29,   44,   27,   47,   33,   47,   35,   53
  210622, 65113.639885128,   15,   30,   11,   29,   19,   33,   17,   37
  210622, 65117.686423361,   22,   43,   20,   42,   26,   45,   31,   46
  210622, 65120.298556805,   14,   34,   15,   36,   20,   40,   21,   42
  210622, 65130.924306870,    2,   22,    0,   24,    4,   26,   12,   25
  210622, 65150.003440280,   13,   31,   11,   30,   19,   33,   19,   40
  210622, 65154.294386089,    7,   32,   11,   31,   13,   34,   21,   33
  210622, 65160.683265150,   14,   29,   11,   34,   19,   37,   18,   39
  210622, 65167.293124527,    0,   27,    2,   26,   11,   36,   14,   39
  210622, 65175.476945162,   13,   39,   16,   34,   21,   37,   24,   38
  210622, 65177.711210787,   19,   39,   14,   40,   25,   37,   24,   47
  210622, 65177.895859301,   25,   47,   24,   43,   33,   46,   33,   53
  210622, 65190.185095236,   14,   35,   14,   20,   19,   33,   19,   44
  210622, 65196.280874670,   16,   36,   11,   50,   14,   -1,   15,   -1
  210622, 65216.422612309,   33,   47,   24,   50,   33,   53,   36,   57
  210622, 65222.484858274,   33,   64,   28,   73,   37,   65,   40,   67
  210622, 65225.139256835,   16,   35,   11,   31,   18,   34,   23,   38
  210622, 65241.930715144,    3,   24,    0,   23,    8,   29,   11,   27
  210622, 65244.404210865,   15,   31,   14,   31,   19,   43,   21,   45
  210622, 65253.265324354,   21,   37,   16,   38,   24,   40,   25,   44
  210622, 65258.786718190,   27,   53,   30,   50,   35,   54,   37,   56
  210622, 65258.957469165,   16,   45,   13,   50,   21,   45,   23,   45
  210622, 65274.979344308,   24,   39,   17,   50,   28,   43,   30,   48
  210622, 65280.273872852,   28,   46,   23,   47,   31,   46,   33,   52
  210622, 65280.327392548,   11,   27,    9,   30,   16,   37,   16,   36
  210622, 65289.951265931,    5,   17,    1,   21,    8,   28,    9,   33
  210622, 65301.196254879,    4,   39,    5,   29,   13,   32,   15,   37
  210622, 65315.544748366,   24,   50,   27,   46,   30,   50,   33,   58
  210622, 65319.016569121,    5,   21,    1,   25,   10,   26,    9,   31
  210622, 65320.598826706,   31,   42,   24,   47,   32,   53,   34,   50
  210622, 65326.261562735,   30,   47,   24,   51,   33,   49,   37,   53
  210622, 65333.531607747,   14,   24,    5,   33,   17,   30,   18,   35
  210622, 65338.074535839,   10,   30,    7,   28,   10,   38,   18,   38
  210622, 65348.254282445,   30,   47,   25,   49,   32,   57,   35,   59
  210622, 65358.070796557,    8,   28,    7,   24,   13,   31,   14,   37
  210622, 65363.540584385,   16,   28,   11,   38,   20,   39,   22,   32
  210622, 65364.346278846,   18,   34,   16,   33,   22,   40,   24,   41
  210622, 65365.891552627,    6,   27,    7,   28,   13,   31,   12,   39
  210622, 65411.044158000,   17,   37,   12,   39,   23,   36,   19,   52
  210622, 65414.443382323,   24,   44,   20,   42,   30,   46,   29,   51
  210622, 65421.985713720,   14,   28,    9,   33,   14,   37,   20,   42
  210622, 65423.782523334,   13,   37,    9,   29,   10,   -1,   12,   -1
  210622, 65432.399754107,   26,   42,   24,   43,   30,   44,   32,   49
  210622, 65437.253651917,    9,   28,    9,   28,   17,   34,   16,   35
  210622, 65441.677927792,   17,   33,    7,   26,   20,   39,   22,   40
  210622, 65463.728048682,   20,   37,   15,   34,   25,   36,   26,   41
  210622, 65475.426366925,   32,   50,   29,   48,   35,   57,   40,   57
  210622, 65479.091306679,    9,   26,    6,   28,   14,   28,   14,   32
  210622, 65483.231810123,   21,   38,   17,   44,   25,   42,   27,   48
  210622, 65483.596396685,   12,   51,   11,   46,   19,   38,   18,   42
  210622, 65488.380979002,    6,   31,    3,   39,   16,   28,   11,   33
  210622, 65488.982756913,   24,   42,   20,   45,   28,   45,   31,   50
  210622, 65489.756282747,   30,   56,   28,   51,   37,   51,   38,   56
  210622, 65497.937576890,    2,   21,    1,   22,    6,   26,    9,   23
  210622, 65529.948754370,   29,   51,   30,   51,   37,   49,   35,   58
  210622, 65539.712263703,   30,   56,   27,   67,   32,   -1,   34,   -1
  210622, 65541.597303808,   12,   29,   10,   30,   17,   34,   20,   38
  210622, 65555.432704091,   23,   42,   20,   40,   26,   46,   30,   47
  210622, 65568.857338607,    8,   29,    2,   25,   12,   29,   11,   33
  210622, 65579.677996457,   12,   28,    6,   30,   15,   33,   18,   32
  210622, 65582.573965430,   31,   49,   28,   49,   36,   51,   37,   55
  210622, 65587.138205558,    6,   24,    5,   22,   13,   27,   11,   27
  210622, 65596.607170343,   15,   36,   11,   33,   21,   39,   21,   44
  210622, 65600.604443014,   23,   39,   18,   36,   25,   46,   28,   50
  210622, 65601.806692183,   12,   31,    8,   34,   20,   30,   16,   38
  210622, 65605.149588361,    9,   27,    5,   23,   16,   27,   15,   33
  210622, 65611.033192359,   20,   40,   15,   40,   26,   42,   26,   43
  210622, 65617.212025359,   20,   41,   17,   41,   27,   38,   24,   47
  210622, 65624.941866279,   25,   47,   28,   46,   32,   50,   36,   53
  210622, 65629.386707276,   11,   35,    9,   35,   12,   40,   14,   37
  210622, 65636.963236749,   31,   47,   30,   48,   34,   60,   37,   57
  210622, 65641.526216149,   31,   44,   25,   45,   33,   47,   34,   56
  210622, 65644.661515713,    0,   18,    0,   16,    6,   25,    4,   38
  210622, 65649.012473280,    3,   20,    2,   26,   11,   22,    8,   33
  210622, 65651.038078561,   32,   55,   30,   52,   38,   54,   40,   60
  210622, 65664.496772647,   30,   55,   25,   54,   37,   50,   38,   55
  210622, 65667.022210279,    9,   29,    6,   26,   14,   30,   14,   33
  210622, 65670.226684839,   16,   32,   12,   36,   19,   37,   22,   41
  210622, 65670.565138578,   27,   46,   20,   56,   31,   50,   33,   46
  210622, 65672.827274978,    9,   36,    7,   39,   16,   34,   16,   38
  210622, 65691.407220960,   28,   47,   20,   53,   34,   47,   32,   52
  210622, 65694.275138170,    3,   -1,    3,   43,   10,   38,   12,   36
  210622, 65704.624439955,   21,   38,   18,   41,   29,   40,   25,   43
  210622, 65717.203010365,   32,   47,   25,   54,   33,   54,   38,   57
  210622, 65725.308979720,   21,   42,   13,   44,   24,   45,   25,   43
  210622, 65733.740994692,    5,   21,    2,   19,    7,   25,   11,   28
  210622, 65737.738507271,   28,   48,   25,   46,   31,   62,   33,   60
  210622, 65745.303457797,   24,   37,   16,   45,   25,   44,   28,   46
  210622, 65766.372545034,   10,   28,    5,   28,   11,   33,   16,   37
  210622, 65769.641487062,   34,   64,   29,   77,   37,   71,   37,   76
  210622, 65782.628705919,   10,   33,    7,   26,   15,   30,   14,   37
  210622, 65786.150921926,   29,   44,   24,   46,   33,   47,   28,   56
  210622, 65790.752924383,    5,   23,    3,   26,   11,   29,   13,   28
  210622, 65794.043723520,   20,   38,   17,   26,   22,   43,   25,   45
  210622, 65795.516777933,    8,   29,    9,   33,   13,   35,   17,   33
  210622, 65812.888149500,    9,   30,    7,   31,   13,   31,   19,   31
  210622, 65816.299436957,   36,   49,   30,   52,   38,   51,   41,   55
  210622, 65820.711647034,   25,   44,   23,   47,   29,   53,   31,   52
  210622, 65833.964262664,    5,   22,    2,   21,    9,   25,   11,   29
  210622, 65860.603169382,   14,   40,   11,   39,   17,   44,   20,   46
  210622, 65863.986907065,    6,   20,    0,   19,    3,   29,    8,   35
  210622, 65867.611508012,   22,   43,   17,   46,   27,   44,   26,   50
  210622, 65873.863204420,    2,   27,    1,   20,    7,   26,   10,   26
  210622, 65877.071410678,   29,   60,   27,   58,   32,   60,   36,   60
  210622, 65886.856189489,   14,   31,   12,   33,   21,   34,   16,   45
  210622, 65888.022006480,   28,   53,   27,   50,   33,   51,   37,   55
  210622, 65892.179433644,   11,   28,    7,   28,   14,   30,   16,   38
  210622, 65895.949468255,   20,   37,   17,   37,   25,   41,   24,   43
  210622, 65902.371856213,   33,   49,   29,   48,   37,   51,   38,   56
  210622, 65903.059360880,   21,   63,   22,   56,   28,   55,   33,   53
  210622, 65904.925175548,   30,   49,   27,   48,   34,   51,   35,   53
  210622, 65917.824579537,   23,   43,   20,   40,   24,   49,   31,   47
  210622, 65928.816336632,   26,   42,   20,   42,   29,   47,   33,   54
  210622, 65936.678570092,    0,   28,    4,   22,   11,   25,    9,   28
  210622, 65950.649541497,    4,   25,    2,   26,   10,   30,   11,   35
  210622, 65955.282601714,    3,   21,    0,   20,    5,   27,   11,   27
  210622, 65962.568942547,    7,   42,    2,   42,   10,   40,   12,   -1
  210622, 65965.632360697,   11,   33,   11,   29,   18,   36,   21,   37
