  200617, 57282.504544616,    4,   21,    2,    9,    2,   20,    5,   21
  200617, 57290.138383240,   30,   46,   25,   37,   26,   48,   31,   47
  200617, 57294.261747986,    2,   25,    1,   10,    4,   22,    2,   28
  200617, 57296.723420858,   25,   -1,   24,   51,   25,   70,   25,   -1
  200617, 57300.229932398,   19,   34,   12,   26,   15,   37,   19,   38
  200617, 57303.218004361,   23,   43,   17,   40,   23,   39,   26,   44
  200617, 57324.587933183,   22,   45,   21,   30,   27,   36,   22,   45
  200617, 57325.853129923,   14,   31,   10,   25,   13,   32,   13,   42
  200617, 57328.413634002,   21,   40,   20,   27,   22,   36,   22,   47
  200617, 57330.223681286,    3,   26,    4,    9,    3,   20,    4,   30
  200617, 57333.357212573,   22,   41,   17,   39,   23,   37,   22,   46
  200617, 57335.207788318,    2,   21,    1,   10,    2,   18,    2,   21
  200617, 57340.828002691,   15,   41,   12,   25,   15,   34,   17,   39
  200617, 57354.477781326,   28,   44,   24,   32,   26,   41,   27,   46
  200617, 57356.206597805,   10,   26,    8,   21,   11,   26,   10,   29
  200617, 57375.780916452,   36,   53,   30,   40,   33,   49,   35,   54
  200617, 57380.773643553,   27,   43,   24,   32,   24,   43,   26,   48
  200617, 57404.331032038,   26,   39,   23,   32,   23,   40,   26,   42
  200617, 57414.100413159,    2,   25,    1,   11,    2,   21,    5,   19
  200617, 57414.970181167,   13,   35,    9,   19,   12,   31,   14,   35
  200617, 57437.191425517,   12,   29,    9,   22,    8,   29,   11,   36
  200617, 57437.531974018,   18,   40,   17,   26,   14,   37,   19,   39
  200617, 57443.657251239,   34,   50,   29,   36,   27,   52,   33,   53
  200617, 57445.067991443,   23,   36,   16,   25,   19,   35,   24,   38
  200617, 57454.919388056,   31,   49,   23,   44,   29,   47,   32,   51
  200617, 57471.266248226,   25,   45,   22,   33,   25,   41,   29,   47
  200617, 57472.628187776,   12,   39,   11,   21,   15,   27,   15,   32
  200617, 57474.576605737,   13,   31,    7,   19,   10,   29,   15,   31
  200617, 57475.984389246,   34,   53,   29,   46,   33,   50,   36,   53
  200617, 57476.632618010,   27,   50,   27,   33,   27,   43,   27,   57
  200617, 57483.201941401,   33,   53,   31,   38,   35,   46,   32,   53
  200617, 57488.157369286,    6,   26,    6,   11,    4,   28,    6,   30
  200617, 57489.732917786,   30,   49,   29,   39,   30,   48,   29,   50
  200617, 57494.306722373,    5,   32,    0,   17,    3,   32,    4,   35
  200617, 57506.065574802,   25,   43,   22,   35,   24,   44,   25,   45
  200617, 57509.603823364,   30,   49,   26,   35,   28,   49,   32,   47
  200617, 57512.926546693,   29,   48,   32,   43,   35,   56,   33,   64
  200617, 57526.214560166,   23,   44,   19,   26,   20,   38,   24,   44
  200617, 57526.271574289,   23,   45,   20,   35,   24,   38,   23,   45
  200617, 57530.096619800,   34,   55,   31,   43,   34,   54,   32,   66
  200617, 57541.190313041,    5,   24,    0,   24,    6,   24,    5,   32
  200617, 57554.189378366,   32,   71,   29,   56,   31,   68,   33,   -1
  200617, 57558.085622758,   19,   49,   15,   35,   22,   37,   20,   46
  200617, 57566.746770501,   11,   34,    7,   21,    9,   28,   12,   28
  200617, 57569.410555094,   25,   42,   15,   32,   21,   42,   25,   41
  200617, 57572.813048720,   22,   41,   21,   30,   17,   39,   26,   37
  200617, 57606.225080326,   11,   32,   10,   17,   12,   26,   12,   33
  200617, 57609.349045306,   35,   52,   30,   41,   27,   54,   34,   53
  200617, 57609.538135767,   11,   36,    8,   20,    9,   35,   13,   32
  200617, 57614.534319580,   22,   38,   16,   26,   19,   35,   21,   39
  200617, 57621.759329438,   30,   48,   29,   36,   31,   44,   30,   52
  200617, 57628.672894061,   15,   34,   13,   22,   13,   30,   16,   37
  200617, 57640.620514929,   20,   37,   18,   27,   20,   36,   22,   39
  200617, 57641.257945567,   14,   34,   11,   21,   12,   35,   15,   40
  200617, 57646.193457916,   18,   36,   14,   31,   15,   41,   18,   38
  200617, 57646.248676285,   11,   33,   11,   17,   10,   29,   13,   29
  200617, 57664.947638988,   35,   55,   30,   52,   36,   48,   37,   58
  200617, 57665.108513921,   22,   47,   21,   30,   21,   39,   24,   41
  200617, 57671.455266237,   26,   46,   24,   34,   26,   48,   27,   47
  200617, 57679.355112731,   30,   44,   25,   37,   27,   46,   30,   52
  200617, 57689.368081599,    1,   26,    1,   12,    0,   18,    4,   19
  200617, 57699.659503460,   10,   54,    8,   33,    8,   28,   12,   53
  200617, 57701.267163754,   31,   55,   32,   40,   32,   51,   31,   50
  200617, 57703.747679234,   10,   35,    9,   26,   13,   36,    9,   26
  200617, 57707.871556938,    8,   30,    4,   17,    7,   22,   10,   26
  200617, 57716.560178280,   29,   53,   28,   38,   24,   49,   29,   55
  200617, 57717.467884690,   37,   59,   30,   48,   38,   52,   38,   56
  200617, 57718.296067566,   13,   41,    9,   29,   12,   31,   15,   34
  200617, 57726.285889119,   24,   43,   19,   30,   20,   38,   24,   43
  200617, 57727.293169111,   15,   35,    8,   27,   15,   31,   15,   37
  200617, 57729.862333417,   15,   34,   13,   19,   12,   29,   16,   32
  200617, 57743.093440361,   10,   35,    6,   24,   13,   28,   11,   32
  200617, 57748.445179969,   27,   47,   22,   39,   25,   44,   29,   47
  200617, 57750.317771226,   18,   39,   20,   24,   20,   36,   21,   42
  200617, 57755.735190809,   35,   52,   31,   42,   34,   50,   39,   53
  200617, 57764.362998605,   10,   28,   10,   20,    8,   27,   12,   28
  200617, 57768.087230802,   22,   43,   21,   29,   25,   41,   24,   44
  200617, 57784.037851918,    4,   21,    0,   12,    3,   18,    4,   21
  200617, 57790.515963733,   30,   52,   26,   51,   29,   49,   28,   55
  200617, 57792.542382181,   24,   45,   21,   32,   22,   42,   24,   45
  200617, 57793.774109960,   30,   55,   31,   37,   30,   48,   31,   54
  200617, 57800.849498391,   32,   48,   25,   47,   32,   47,   33,   49
  200617, 57803.901641011,    4,   17,    1,   11,    5,   19,    1,   24
  200617, 57808.139106721,   26,   51,   19,   42,   27,   43,   27,   51
  200617, 57838.029173840,    9,   48,   11,   21,    8,   26,   10,   55
  200617, 57840.386021316,   27,   53,   25,   37,   32,   45,   30,   50
  200617, 57844.974192262,   33,   -1,   31,   53,   32,   -1,   33,   -1
  200617, 57863.151985765,   18,   41,   16,   30,   17,   34,   20,   41
  200617, 57866.993372262,   23,   49,   22,   39,   27,   39,   23,   50
  200617, 57868.547325253,   11,   29,    5,   16,    9,   24,   13,   29
  200617, 57883.552081347,   16,   37,   14,   23,   14,   34,   16,   39
  200617, 57889.252511173,   28,   52,   26,   35,   29,   47,   28,   55
  200617, 57892.458826721,   32,   52,   30,   39,   33,   47,   33,   51
  200617, 57901.680315971,   24,   41,   22,   31,   23,   42,   25,   41
  200617, 57917.652036428,   29,   55,   30,   42,   34,   48,   32,   53
  200617, 57927.280329049,   36,   57,   29,   45,   35,   50,   38,   53
  200617, 57929.123864800,    9,   32,    9,   21,   10,   25,    9,   33
  200617, 57938.244222999,   23,   40,   20,   29,   23,   38,   24,   40
  200617, 57944.517297328,   20,   40,   18,   26,   19,   38,   21,   41
  200617, 57948.019577799,   16,   33,   12,   20,   15,   33,   17,   34
  200617, 57949.051172879,   22,   38,   18,   28,   22,   37,   23,   39
  200617, 57949.227759287,    6,   30,    6,   15,    8,   20,    6,   31
  200617, 57953.798388720,   32,   52,   28,   40,   27,   52,   34,   51
  200617, 57957.248916879,   31,   49,   26,   39,   27,   45,   31,   49
  200617, 57961.680948555,   12,   31,    7,   24,    9,   26,   14,   27
  200617, 57977.083371602,   24,   41,   17,   35,   21,   39,   26,   39
  200617, 57978.911002576,    9,   29,    8,   17,    8,   27,   10,   29
  200617, 57985.603623211,   12,   34,    8,   19,   13,   25,   14,   32
  200617, 57990.029586120,   20,   38,   14,   30,   18,   36,   19,   37
  200617, 58005.483559608,   29,   47,   29,   37,   27,   50,   30,   51
  200617, 58010.579841554,   19,   38,   15,   31,   18,   35,   20,   39
  200617, 58012.041345440,   22,   41,   20,   29,   23,   39,   24,   43
  200617, 58018.019027680,   35,   53,   25,   43,   28,   57,   36,   50
  200617, 58018.611143351,    5,   25,    7,   11,    6,   22,    5,   32
  200617, 58023.083862878,   23,   51,   22,   28,   20,   45,   26,   43
  200617, 58042.322954595,   11,   26,    6,   23,    8,   23,   12,   29
  200617, 58049.331543326,   10,   30,    9,   16,    7,   23,   11,   25
  200617, 58051.379380792,   24,   45,   22,   31,   25,   39,   27,   44
  200617, 58060.377873927,    8,   29,    7,   15,    7,   23,    8,   29
  200617, 58060.954162836,   13,   33,   11,   19,   11,   35,   13,   34
  200617, 58065.838820815,   12,   37,   14,   17,   15,   31,   14,   36
  200617, 58070.397409230,   23,   43,   18,   37,   24,   43,   22,   52
  200617, 58075.263893247,    4,   25,    2,    9,    2,   22,    4,   30
  200617, 58087.258193880,   15,   43,   15,   26,   17,   33,   17,   36
  200617, 58087.327533185,   17,   38,   17,   28,   21,   32,   19,   38
  200617, 58088.849640131,   23,   48,   20,   35,   24,   36,   25,   42
  200617, 58096.815532744,   23,   43,   21,   28,   18,   40,   26,   39
  200617, 58097.971603811,   24,   42,   22,   35,   22,   41,   23,   42
  200617, 58105.761451483,   27,   46,   22,   44,   28,   46,   27,   54
  200617, 58111.498852760,    0,   27,    3,   12,    4,   25,    1,   28
  200617, 58114.598962069,    9,   -1,    5,   -1,    7,   -1,   10,   -1
  200617, 58118.697582006,   28,   46,   20,   62,   28,   44,   30,   49
  200617, 58142.097486719,   15,   36,   14,   22,   15,   32,   15,   40
  200617, 58148.157037526,   21,   54,   18,   43,   22,   48,   24,   43
  200617, 58155.860878050,   30,   50,   26,   43,   26,   46,   28,   61
  200617, 58157.274838924,   16,   36,   15,   23,   12,   34,   15,   42
  200617, 58169.449589670,   16,   34,   13,   22,   13,   33,   17,   36
  200617, 58183.410148472,   21,   40,   15,   34,   20,   35,   22,   41
  200617, 58190.617465317,   30,   48,   21,   35,   27,   50,   31,   50
  200617, 58201.889153659,   19,   39,   16,   27,   18,   37,   21,   34
  200617, 58211.780606747,   31,   56,   29,   40,   31,   50,   34,   49
  200617, 58213.412934959,   16,   32,    8,   23,    9,   27,   14,   36
  200617, 58219.293538928,    9,   37,   11,   20,   16,   27,   13,   34
  200617, 58220.155176565,   25,   45,   23,   40,   26,   41,   29,   46
  200617, 58222.041406520,   34,   50,   31,   37,   32,   50,   34,   51
  200617, 58225.806111097,    6,   27,    2,   25,    2,   38,    4,   39
  200617, 58227.632142663,   31,   50,   30,   32,   30,   44,   31,   51
  200617, 58237.554830194,    9,   40,    9,   20,   11,   32,    9,   44
  200617, 58237.569091618,   24,   50,   26,   34,   29,   41,   25,   48
  200617, 58238.046696279,    6,   29,    1,   15,    4,   22,    7,   26
  200617, 58246.630694687,   14,   34,    6,   25,   12,   30,   16,   36
  200617, 58259.625926554,   30,   48,   30,   41,   29,   47,   30,   55
  200617, 58276.068121120,   21,   39,   16,   25,   18,   36,   23,   41
  200617, 58285.181372002,   30,   58,   28,   39,   30,   48,   31,   50
  200617, 58287.763054609,    5,   27,    5,   13,    7,   23,    5,   35
  200617, 58293.828784227,   34,   60,   30,   41,   35,   51,   37,   52
  200617, 58294.479495853,    5,   29,    1,   13,    4,   22,    6,   27
  200617, 58294.978477001,    8,   26,    6,   18,    7,   25,    8,   26
  200617, 58317.438581198,    9,   34,    6,   21,    7,   31,   11,   30
  200617, 58318.005437960,   17,   34,   14,   26,   18,   35,   19,   37
  200617, 58320.721086025,   25,   55,   22,   35,   25,   49,   27,   54
  200617, 58329.380936921,   26,   48,   23,   34,   24,   43,   25,   50
  200617, 58334.232009515,   19,   37,   16,   28,   18,   32,   18,   37
  200617, 58338.499728531,   18,   36,   15,   26,   17,   36,   19,   38
  200617, 58340.455842793,   19,   33,   12,   35,   20,   31,   16,   53
  200617, 58344.105687320,    3,   24,    2,   10,    4,   23,    3,   30
  200617, 58347.975091696,    6,   24,    5,   12,    5,   22,    8,   25
  200617, 58348.002903440,    9,   30,    3,   22,    6,   33,    9,   35
  200617, 58357.901764572,    0,   26,    0,   10,    2,   27,    0,   32
  200617, 58362.807135344,   31,   54,   27,   48,   34,   50,   31,   56
  200617, 58366.492499322,   25,   47,   23,   29,   19,   43,   25,   43
  200617, 58392.727512896,   30,   49,   29,   38,   30,   45,   31,   52
  200617, 58396.514524519,   27,   47,   25,   33,   28,   44,   29,   49
  200617, 58396.522298634,   30,   57,   30,   40,   32,   46,   32,   50
  200617, 58404.992471159,   26,   49,   25,   40,   30,   43,   31,   46
  200617, 58406.837094069,   24,   40,   20,   32,   24,   37,   24,   45
  200617, 58409.904570699,   17,   38,   16,   25,   15,   38,   18,   36
  200617, 58415.376336247,    5,   27,    4,   17,    7,   21,    6,   27
  200617, 58426.018377081,   32,   51,   27,   38,   27,   47,   33,   49
  200617, 58429.851289809,   22,   40,   18,   32,   19,   40,   24,   40
  200617, 58432.260087192,   12,   30,    8,   23,   14,   30,   11,   40
  200617, 58433.979172885,   13,   41,   12,   25,   12,   37,   14,   46
  200617, 58447.980236709,    6,   38,    3,   27,    5,   29,    9,   31
  200617, 58458.508965254,   22,   39,   16,   30,   22,   40,   21,   47
  200617, 58467.316854239,   27,   47,   22,   37,   24,   41,   30,   44
  200617, 58481.758921206,   34,   50,   32,   41,   31,   50,   34,   58
  200617, 58482.288528532,   27,   49,   20,   37,   26,   45,   28,   48
  200617, 58482.812502146,   28,   42,   22,   33,   23,   41,   27,   51
  200617, 58487.590347230,   32,   63,   30,   42,   30,   65,   33,   65
  200617, 58487.936886966,    8,   27,    3,   12,    2,   30,    9,   27
  200617, 58494.467231363,    6,   27,    7,   13,    8,   24,    7,   28
  200617, 58503.424386591,   35,   60,   30,   55,   37,   51,   35,   56
  200617, 58513.737066984,   12,   29,    8,   19,    8,   30,   12,   30
  200617, 58524.912841856,   33,   56,   31,   42,   36,   52,   34,   54
  200617, 58528.395606667,   33,   64,   31,   40,   31,   59,   33,   64
  200617, 58531.737588823,   19,   42,   18,   26,   19,   36,   20,   40
  200617, 58552.671200931,   24,   -1,   23,   46,   24,   -1,   24,   -1
  200617, 58558.097977482,   31,   51,   28,   43,   30,   48,   32,   51
  200617, 58561.339866519,    4,   21,    1,   13,    1,   19,    5,   23
  200617, 58562.326926321,   29,   64,   24,   43,   29,   57,   30,   57
  200617, 58562.386253566,   27,   57,   29,   35,   31,   43,   29,   49
  200617, 58564.090862118,    5,   32,    1,   14,    5,   30,    6,   32
  200617, 58587.495204121,    8,   27,    4,   14,    9,   22,    9,   25
  200617, 58602.556624591,   12,   36,   11,   24,   15,   29,   14,   29
  200617, 58604.334055334,   10,   32,    8,   21,   17,   25,   11,   35
  200617, 58605.316439509,   12,   39,   10,   25,   16,   33,   13,   42
  200617, 58607.276704639,   29,   49,   30,   34,   28,   50,   28,   58
  200617, 58612.481100559,    9,   26,    2,   20,    6,   32,    9,   29
  200617, 58613.754000366,   21,   41,   19,   25,   19,   40,   21,   41
  200617, 58615.328237444,   16,   39,   13,   20,   17,   31,   18,   36
  200617, 58617.197767317,   17,   48,   14,   45,   18,   40,   19,   43
  200617, 58617.643489301,   21,   38,   20,   27,   16,   41,   23,   39
  200617, 58629.328802764,   23,   39,   18,   25,   16,   42,   23,   41
  200617, 58633.213482559,   29,   53,   25,   41,   30,   51,   29,   56
  200617, 58634.440064669,   34,   59,   31,   50,   36,   49,   35,   58
  200617, 58643.388718635,    9,   29,    3,   25,    7,   31,    9,   41
  200617, 58643.651783049,    8,   38,    2,   26,    4,   21,    9,   30
  200617, 58646.455202013,    5,   37,    2,   18,   10,   28,   10,   31
  200617, 58648.333131641,   30,   53,   29,   35,   30,   48,   29,   57
  200617, 58650.819022894,    3,   24,    1,   11,    0,   21,    4,   20
  200617, 58655.074253596,   25,   47,   24,   33,   25,   45,   26,   47
  200617, 58664.033768959,   30,   50,   30,   36,   31,   46,   30,   61
  200617, 58664.482381493,   35,   53,   30,   51,   33,   49,   35,   59
  200617, 58667.031972241,   15,   33,   14,   19,   13,   30,   14,   33
  200617, 58667.794110656,   35,   52,   27,   49,   36,   52,   36,   56
  200617, 58700.392255008,   17,   36,   15,   25,   16,   32,   17,   37
  200617, 58706.355460078,   24,   43,   20,   30,   21,   40,   24,   39
  200617, 58724.397323072,    4,   21,    1,    8,    2,   18,    4,   25
  200617, 58730.197226927,   12,   31,   12,   20,   12,   31,   12,   35
  200617, 58748.740917325,   10,   30,    6,   16,    9,   23,   10,   26
  200617, 58754.206433237,   11,   36,    8,   24,    9,   34,    9,   50
  200617, 58758.077545002,   31,   59,   32,   44,   37,   52,   32,   56
  200617, 58758.895028532,    4,   24,    1,   10,    0,   20,    6,   23
  200617, 58760.846827745,    9,   29,    8,   22,   11,   29,   11,   29
  200617, 58767.348905087,   10,   32,    7,   19,    9,   30,   11,   29
  200617, 58777.410939366,    5,   20,    3,    8,    4,   19,    4,   26
  200617, 58786.550384343,   14,   44,   13,   21,   17,   34,   15,   41
  200617, 58813.100212798,    3,   20,    7,   15,   14,   20,    4,   35
  200617, 58822.506442189,   30,   46,   26,   37,   27,   49,   30,   51
  200617, 58844.594080389,   25,   48,   24,   35,   27,   42,   26,   52
  200617, 58854.030752441,   22,   43,   19,   31,   21,   44,   23,   43
  200617, 58858.173201635,   10,   29,    8,   16,    8,   25,   10,   29
  200617, 58859.320073932,   25,   49,   21,   42,   28,   43,   26,   48
  200617, 58862.660491824,   21,   42,   18,   27,   21,   36,   22,   43
  200617, 58864.730729222,   27,   50,   24,   37,   27,   52,   25,   56
  200617, 58884.211084321,   16,   35,   10,   23,   13,   30,   15,   42
  200617, 58907.404580832,    8,   29,    7,   16,    7,   30,    9,   30
  200617, 58910.040749360,   12,   52,   10,   38,   12,   44,   14,   48
  200617, 58940.851543427,   10,   26,   13,   17,    9,   23,   10,   29
  200617, 58948.305061489,   20,   40,   17,   26,   16,   34,   22,   41
  200617, 58955.989136219,   18,   33,   11,   21,   11,   35,   18,   37
  200617, 58968.025508920,   30,   53,   30,   36,   31,   48,   31,   58
  200617, 58974.427083492,   14,   33,   12,   20,   11,   34,   15,   31
  200617, 58977.651945055,    9,   30,    6,   17,   10,   26,   10,   29
  200617, 58979.319241196,   22,   50,   18,   33,   23,   45,   22,   47
  200617, 58991.264868200,   17,   43,   15,   25,   18,   32,   17,   38
  200617, 59000.892911851,   38,   64,   29,   53,   38,   58,   40,   61
  200617, 59002.311275810,   23,   39,   27,   38,   28,   52,   23,   63
  200617, 59003.924869120,   33,   52,   27,   43,   31,   49,   33,   53
  200617, 59014.215470836,   14,   33,    9,   27,   12,   31,   16,   30
  200617, 59021.984044194,   21,   38,   17,   29,   17,   36,   19,   47
  200617, 59035.737338483,   23,   43,   21,   29,   20,   43,   23,   42
  200617, 59045.614161909,   35,   49,   27,   54,   29,   50,   34,   54
  200617, 59055.587952971,   28,   44,   25,   35,   24,   40,   27,   42
  200617, 59064.072172798,    9,   30,    8,   17,    8,   25,   10,   25
  200617, 59071.202084795,    3,   27,    2,   10,    2,   20,    4,   23
  200617, 59073.792591989,   17,   35,   11,   24,   17,   32,   17,   34
  200617, 59079.968837976,   32,   52,   31,   38,   32,   50,   34,   51
  200617, 59086.074083082,   10,   25,    3,   18,    4,   27,   11,   28
  200617, 59096.664906800,    3,   22,    4,   10,    2,   22,    3,   30
  200617, 59098.470334291,   33,   46,   25,   36,   25,   51,   32,   52
  200617, 59100.886106133,   33,   50,   30,   42,   28,   49,   34,   51
  200617, 59132.643567204,   33,   51,   29,   40,   31,   52,   35,   51
  200617, 59139.540568113,    7,   27,    6,   20,    8,   21,    8,   36
  200617, 59153.084157318,   29,   44,   25,   34,   24,   46,   28,   51
  200617, 59153.530775905,    8,   45,    4,   24,    9,   38,    8,   -1
  200617, 59154.536213875,   30,   50,   28,   44,   33,   48,   32,   55
  200617, 59158.788217783,   29,   50,   28,   36,   31,   47,   29,   49
  200617, 59163.934115827,    4,   28,    3,   13,    5,   20,    6,   28
  200617, 59165.493095994,   29,   49,   28,   35,   29,   41,   30,   46
  200617, 59175.358801961,   33,   54,   30,   41,   31,   49,   34,   51
  200617, 59187.782181978,   17,   38,   11,   33,   14,   42,   18,   33
  200617, 59189.091761038,   31,   48,   23,   46,   30,   42,   30,   50
  200617, 59189.930289924,   33,   56,   30,   50,   35,   50,   35,   54
  200617, 59191.473518282,   13,   37,   11,   17,    9,   28,   14,   33
  200617, 59202.761539102,    4,   33,    3,   16,    4,   23,    6,   26
  200617, 59218.530578613,   14,   34,   11,   21,   14,   29,   13,   43
  200617, 59222.853406250,   27,   52,   25,   34,   29,   44,   27,   48
  200617, 59230.945755661,   18,   44,   16,   26,   17,   46,   16,   59
  200617, 59236.248962194,   24,   45,   21,   32,   24,   36,   26,   43
  200617, 59247.973018408,   28,   44,   25,   32,   21,   50,   29,   46
  200617, 59259.049191520,   35,   54,   29,   45,   34,   53,   36,   53
  200617, 59291.332865685,   18,   35,   12,   27,   16,   29,   20,   37
  200617, 59291.420628190,   10,   32,    7,   16,    8,   26,   11,   34
  200617, 59299.804655731,   33,   50,   25,   44,   31,   50,   31,   59
  200617, 59308.879607141,   33,   58,   29,   55,   29,   56,   31,   68
  200617, 59313.727306843,   16,   51,    9,   37,   14,   52,   17,   51
  200617, 59327.030456919,   26,   44,   21,   39,   20,   44,   24,   53
  200617, 59337.893311381,   12,   34,   11,   19,   12,   29,   15,   33
  200617, 59341.165137634,   32,   52,   28,   40,   33,   49,   34,   52
  200617, 59349.168477997,   38,   58,   31,   49,   41,   51,   37,   61
  200617, 59350.111389920,   31,   54,   25,   42,   30,   46,   33,   49
  200617, 59354.831599295,   20,   40,   18,   31,   19,   34,   22,   42
  200617, 59356.388620973,    2,   29,    3,   17,    4,   26,    2,   39
  200617, 59366.605589986,   21,   42,   18,   30,   20,   41,   21,   45
  200617, 59367.138138354,    0,   23,    0,   10,    3,   21,    1,   23
  200617, 59371.899781108,   32,   55,   26,   40,   33,   51,   32,   56
  200617, 59392.561817110,    7,   28,    1,   17,    4,   24,    7,   26
  200617, 59400.997752070,    7,   30,    6,   19,    6,   32,    7,   34
  200617, 59401.902473092,   17,   44,   14,   25,   17,   36,   19,   41
  200617, 59402.149976641,   22,   45,   21,   33,   24,   39,   24,   43
  200617, 59405.058958761,   31,   53,   29,   42,   35,   47,   31,   52
  200617, 59405.532099009,   28,   52,   19,   44,   26,   53,   27,   54
  200617, 59410.543505311,   25,   48,   24,   34,   25,   43,   26,   44
  200617, 59412.265388012,    3,   30,    0,   20,    3,   21,    7,   19
  200617, 59437.143324360,    6,   25,    4,   10,    5,   22,    6,   24
  200617, 59454.818743169,   37,   56,   30,   41,   35,   51,   35,   60
  200617, 59456.019343879,   31,   51,   24,   43,   30,   45,   31,   54
  200617, 59459.108332679,   15,   37,   13,   25,   16,   30,   16,   41
  200617, 59466.445574492,   17,   45,   15,   28,   17,   34,   19,   39
  200617, 59470.322413087,   20,   39,   20,   39,   23,   55,   21,   57
  200617, 59471.948783278,    3,   26,    2,   18,    2,   25,    5,   23
  200617, 59476.389715254,   31,   56,   32,   41,   36,   50,   33,   53
  200617, 59478.094202280,   18,   34,   14,   24,   17,   38,   17,   44
  200617, 59480.118809678,   32,   53,   30,   40,   32,   49,   34,   51
  200617, 59482.259149760,   14,   37,   11,   25,   17,   29,   15,   39
  200617, 59487.174287796,   30,   51,   28,   34,   32,   44,   30,   51
  200617, 59501.476082206,   32,   53,   26,   41,   32,   51,   32,   49
  200617, 59504.406869560,   21,   27,   10,   23,   12,   31,   16,   38
  200617, 59513.412693948,   18,   -1,   23,   34,   22,   53,   23,   47
  200617, 59517.463902116,   17,   37,   15,   25,   16,   36,   18,   38
  200617, 59525.261181325,   17,   38,   17,   24,   18,   33,   18,   36
  200617, 59525.509290218,   18,   47,   20,   30,   23,   35,   20,   42
  200617, 59535.345657110,    7,   30,    7,   16,    7,   26,    9,   31
  200617, 59568.330512285,   23,   40,   14,   38,   23,   37,   23,   42
  200617, 59568.387588769,   11,   33,    8,   23,   11,   29,   12,   31
  200617, 59603.577744186,   12,   34,   15,   21,   11,   32,   12,   37
  200617, 59607.974435747,   16,   50,   15,   27,   23,   34,   18,   40
  200617, 59613.542343616,   25,   51,   24,   32,   25,   43,   26,   48
  200617, 59616.366033494,   28,   46,   24,   39,   27,   47,   28,   46
  200617, 59624.123342842,    9,   34,    4,   22,   13,   26,   11,   30
  200617, 59624.495640248,   15,   39,    9,   34,   13,   31,   18,   32
  200617, 59625.244589686,   33,   57,   28,   42,   33,   50,   35,   55
  200617, 59650.620504200,   10,   35,    9,   17,    8,   28,   10,   34
  200617, 59653.363567472,   12,   40,   12,   21,   16,   32,   13,   36
  200617, 59658.387876928,    8,   25,    6,   15,    6,   24,    9,   27
  200617, 59659.876383841,   12,   35,   10,   23,   13,   29,   13,   32
  200617, 59661.476705313,   37,   57,   33,   46,   31,   56,   37,   64
  200617, 59662.377012998,   10,   32,    1,   21,   10,   23,   10,   37
  200617, 59680.530310392,   13,   38,    7,   39,    9,   26,   13,   41
  200617, 59682.415260792,    2,   27,    3,    9,    2,   17,    5,   25
  200617, 59687.709551692,   18,   34,   12,   26,   16,   37,   16,   43
  200617, 59693.611276388,    6,   28,    6,   17,    8,   22,    6,   35
  200617, 59698.663609028,   23,   46,   22,   29,   25,   38,   25,   40
  200617, 59709.316317677,   10,   32,   11,   18,   11,   26,   11,   31
  200617, 59721.862658560,    5,   24,    4,   10,    2,   22,    3,   30
  200617, 59722.430032313,   36,   51,   27,   54,   31,   59,   37,   55
  200617, 59722.585239649,    8,   31,    9,   16,    7,   34,   10,   30
  200617, 59724.111472242,   11,   37,   11,   20,   16,   31,   11,   39
  200617, 59724.536602914,   25,   42,   22,   31,   22,   42,   25,   45
  200617, 59729.595523179,    9,   26,    4,   20,    9,   23,    7,   30
  200617, 59734.953917980,   17,   -1,   13,   44,   14,   -1,   16,   -1
  200617, 59749.872273624,   14,   33,    9,   24,   11,   27,   15,   33
  200617, 59752.918238819,   23,   43,   23,   29,   25,   40,   25,   45
  200617, 59761.394463509,   33,   52,   29,   42,   32,   54,   34,   55
  200617, 59765.729848504,   23,   43,   20,   28,   21,   38,   23,   44
  200617, 59769.871182859,   26,   52,   27,   32,   26,   41,   28,   47
  200617, 59774.132427037,   23,   47,   21,   28,   23,   45,   22,   47
  200617, 59788.519201934,   29,   56,   26,   40,   28,   45,   30,   49
  200617, 59802.645799816,   11,   28,    6,   15,    5,   30,    9,   36
  200617, 59812.643941998,   12,   46,   11,   26,   13,   39,   12,   46
  200617, 59820.659632325,   27,   46,   22,   37,   25,   47,   29,   44
  200617, 59828.670230865,    7,   28,    2,   19,    5,   24,    7,   29
  200617, 59831.972634375,   26,   44,   21,   32,   23,   40,   24,   44
  200617, 59835.672949016,   10,   28,    6,   18,    9,   24,   11,   27
  200617, 59838.957250834,    6,   27,    2,   13,    5,   23,    7,   23
  200617, 59840.606918454,    7,   30,    4,   20,    4,   23,    8,   29
  200617, 59846.046638321,   21,   38,   16,   30,   19,   46,   17,   46
  200617, 59849.034066919,   17,   40,   16,   25,   21,   31,   17,   41
  200617, 59864.347799569,   30,   52,   31,   37,   29,   44,   31,   52
  200617, 59871.513245583,   27,   60,   25,   36,   27,   51,   29,   56
  200617, 59895.162882075,   15,   35,   17,   27,   19,   36,   18,   39
  200617, 59899.699004352,    9,   33,    8,   22,   11,   28,   11,   32
  200617, 59912.897702634,   25,   47,   20,   35,   22,   40,   26,   45
  200617, 59915.898728251,    6,   20,    1,   16,    3,   29,    6,   27
  200617, 59917.222612396,   28,   48,   26,   32,   27,   42,   29,   47
  200617, 59920.189405277,    3,   25,    4,    9,    7,   17,    5,   24
  200617, 59921.966839850,   16,   36,   13,   26,   16,   33,   17,   34
  200617, 59928.960848987,   30,   51,   26,   59,   32,   51,   32,   51
  200617, 59936.332236946,    0,   18,    0,    9,    2,   13,    1,   20
  200617, 59936.631917357,   17,   37,   15,   26,   16,   36,   18,   36
  200617, 59957.960746229,   11,   37,   12,   18,   14,   33,   12,   31
  200617, 59959.140932083,    9,   37,    7,   19,    7,   24,   11,   27
  200617, 59961.007681520,   28,   52,   27,   34,   29,   49,   28,   55
  200617, 59961.788450181,   26,   51,   20,   41,   32,   42,   28,   48
  200617, 59973.651268125,    9,   26,    7,   17,    9,   24,    9,   30
  200617, 59980.630364656,   33,   53,   28,   47,   32,   48,   33,   58
  200617, 59986.242102847,   36,   55,   28,   47,   36,   52,   38,   56
  200617, 59994.818319023,   30,   49,   27,   46,   32,   48,   31,   57
  200617, 59994.941798151,   19,   41,   17,   34,   22,   38,   20,   42
  200617, 60019.282369524,    9,   27,    2,   15,    7,   23,    9,   31
  200617, 60025.035212081,   21,   43,   15,   39,   18,   39,   21,   44
  200617, 60056.372819066,   24,   43,   22,   28,   22,   39,   23,   42
  200617, 60060.077385359,   19,   46,   15,   33,   20,   36,   19,   40
  200617, 60062.755843759,   25,   41,   23,   32,   24,   44,   26,   46
  200617, 60066.601535976,    6,   29,    4,   24,    6,   29,    7,   35
  200617, 60071.316202521,   33,   57,   31,   46,   32,   52,   35,   57
  200617, 60072.114226960,    8,   27,    4,   13,    6,   26,    8,   27
  200617, 60075.306388408,   12,   35,   11,   20,   13,   30,   14,   34
  200617, 60086.745310485,    4,   26,    2,   14,    5,   19,    5,   30
  200617, 60094.818495274,   15,   34,   12,   21,   14,   33,   15,   39
  200617, 60099.716856658,   23,   43,   18,   30,   22,   37,   24,   44
  200617, 60111.789908707,   16,   33,   10,   21,   11,   26,   15,   31
  200617, 60125.080406278,   33,   54,   31,   38,   34,   48,   35,   52
  200617, 60126.506316900,   15,   30,   11,   20,   13,   26,   14,   34
  200617, 60137.435763836,   19,   35,   14,   23,   13,   35,   18,   35
  200617, 60140.641893983,   26,   41,   22,   35,   23,   41,   28,   43
  200617, 60166.681471288,   31,   51,   29,   36,   30,   47,   29,   58
  200617, 60172.407293200,   13,   46,   10,   39,   14,   40,   13,   51
  200617, 60178.765420914,    7,   40,    6,   20,    8,   35,    8,   39
  200617, 60179.546816587,   25,   41,   20,   29,   20,   37,   26,   41
  200617, 60185.384613037,   27,   48,   26,   32,   30,   40,   26,   53
  200617, 60188.138091758,   19,   32,   15,   23,   12,   33,   21,   33
  200617, 60191.499335557,    7,   28,    4,   14,    6,   22,    7,   26
  200617, 60192.844604135,    7,   22,    6,   18,    5,   26,    6,   35
  200617, 60209.774080932,   13,   40,    8,   32,   16,   32,   13,   36
  200617, 60211.158815801,   11,   28,   10,   17,   12,   25,   11,   31
  200617, 60216.587742329,   14,   45,   15,   24,   16,   38,   19,   39
  200617, 60221.178228721,   23,   43,   19,   34,   24,   44,   21,   52
  200617, 60225.780168474,   13,   36,   14,   23,   16,   34,   14,   37
  200617, 60238.229267567,   22,   44,   23,   30,   24,   42,   24,   43
  200617, 60240.189515635,   28,   50,   23,   40,   30,   46,   31,   47
  200617, 60241.243642554,    4,   24,    3,   12,    2,   25,    5,   26
  200617, 60244.685428619,   11,   38,    5,   24,   11,   29,   13,   30
  200617, 60251.014831880,   18,   50,   16,   30,   24,   37,   18,   46
  200617, 60252.358957291,   21,   50,   18,   32,   22,   38,   23,   41
  200617, 60254.875236332,    8,   28,    4,   21,    6,   25,   10,   30
  200617, 60256.125453755,   13,   31,    6,   25,    7,   27,   14,   32
  200617, 60268.457538486,   33,   57,   24,   46,   32,   56,   33,   58
  200617, 60284.156860679,   14,   40,   11,   27,   16,   30,   14,   35
  200617, 60284.539920211,   12,   33,    6,   21,   12,   29,   14,   31
  200617, 60284.195776194,   22,   42,   21,   32,   25,   38,   24,   45
  200617, 60284.251902968,    5,   31,    5,   11,    4,   30,    6,   27
  200617, 60287.043998599,   32,   47,   26,   41,   33,   48,   34,   52
  200617, 60289.036003999,   15,   35,   13,   23,   14,   35,   14,   35
  200617, 60293.805140376,   31,   45,   28,   36,   28,   47,   30,   52
  200617, 60297.370122433,   31,   51,   21,   56,   24,   55,   32,   49
  200617, 60301.562885225,    3,   25,    1,    9,    4,   20,    4,   25
  200617, 60319.881830692,   25,   44,   19,   33,   21,   38,   26,   40
  200617, 60329.488662124,    7,   29,    2,   13,    7,   23,    7,   26
  200617, 60347.712387979,   15,   44,    9,   35,   13,   36,   17,   38
  200617, 60350.068627521,   17,   47,   17,   29,   20,   37,   17,   51
  200617, 60355.310051292,   17,   32,   15,   21,   13,   34,   17,   35
  200617, 60356.325840205,    4,   31,    1,   11,    2,   24,    7,   20
  200617, 60361.159128726,   10,   30,    6,   22,    8,   26,   11,   29
  200617, 60367.484579682,   15,   48,   15,   24,   15,   36,   16,   38
  200617, 60372.670363665,    7,   27,    3,   25,    8,   25,    7,   28
  200617, 60375.103624560,    9,   34,   10,   26,    9,   30,    9,   34
  200617, 60376.156928286,   12,   32,    6,   22,   11,   29,   11,   29
  200617, 60378.282352477,   25,   47,   19,   38,   25,   43,   25,   50
  200617, 60382.744468331,   36,   62,   31,   45,   32,   54,   38,   56
  200617, 60384.339704722,   15,   31,   11,   21,   11,   30,   14,   35
  200617, 60384.427731484,    8,   35,   12,   21,   12,   29,    7,   26
  200617, 60384.912156403,    2,   33,    0,   21,    0,   29,    2,   36
  200617, 60387.876726270,   11,   45,    9,   32,   10,   44,   11,   50
  200617, 60393.295643598,   25,   43,   21,   31,   24,   40,   25,   42
  200617, 60397.163213313,    1,   31,    1,   19,    3,   28,    3,   31
  200617, 60415.603899896,   32,   56,   25,   53,   32,   51,   34,   54
  200617, 60421.031212600,   11,   35,   12,   18,   14,   32,   12,   34
  200617, 60424.307196826,   11,   35,    7,   23,   11,   29,   14,   28
  200617, 60426.136810362,   34,   50,   27,   43,   36,   43,   33,   52
  200617, 60428.205616847,    9,   27,    8,   20,    9,   29,   10,   29
  200617, 60428.910595417,   16,   35,    7,   23,   12,   32,   16,   31
  200617, 60429.622686744,   33,   52,   28,   43,   32,   52,   34,   52
  200617, 60431.504702866,   20,   38,   15,   31,   17,   36,   21,   35
  200617, 60433.263294190,    7,   29,    5,   17,    7,   25,    7,   29
  200617, 60434.983293176,   16,   50,   16,   28,   19,   45,   19,   38
  200617, 60442.655715644,   15,   31,   11,   22,   14,   32,   16,   37
  200617, 60448.761576653,   27,   43,   19,   36,   23,   43,   25,   53
  200617, 60450.351917118,    8,   52,    9,   21,   11,   34,   11,   43
  200617, 60468.309639186,   24,   44,   20,   38,   21,   46,   25,   47
  200617, 60468.593673229,   15,   31,    5,   35,   15,   30,   16,   33
  200617, 60475.772845805,   30,   49,   28,   40,   33,   47,   30,   53
  200617, 60476.863151670,   24,   45,   17,   35,   21,   42,   25,   46
  200617, 60478.039189558,   14,   28,   10,   20,    6,   33,   14,   30
  200617, 60489.929569423,   23,   46,   17,   42,   22,   37,   25,   44
  200617, 60499.099947684,   11,   27,    4,   17,    6,   31,   11,   32
  200617, 60514.382188350,   27,   43,   20,   43,   24,   43,   28,   49
  200617, 60515.166115686,   20,   41,   14,   29,   19,   38,   20,   48
  200617, 60524.962228298,    7,   29,    6,   16,    8,   28,    9,   28
  200617, 60533.063851804,   16,   33,   10,   22,   10,   32,   16,   32
  200617, 60533.217129201,    3,   33,    1,   14,    5,   22,    4,   26
  200617, 60534.313369453,   29,   51,   22,   37,   24,   46,   29,   47
  200617, 60534.771395504,   12,   39,   10,   24,    7,   35,   12,   46
  200617, 60543.048494879,   22,   41,   12,   36,   16,   40,   23,   40
  200617, 60543.766292095,   11,   46,   12,   22,    9,   28,   13,   42
  200617, 60551.465098947,   10,   24,    5,   15,    5,   25,    9,   32
  200617, 60553.738555908,   11,   38,    8,   23,    9,   34,   13,   30
  200617, 60571.421244651,   26,   47,   21,   34,   24,   42,   27,   44
  200617, 60582.797009706,   27,   59,   21,   44,   26,   61,   27,   -1
  200617, 60584.220802724,   26,   51,   20,   45,   26,   50,   28,   48
  200617, 60585.369074911,    5,   31,    3,   13,    6,   23,    7,   25
  200617, 60585.763308644,    6,   22,    1,   13,    2,   21,    5,   27
  200617, 60586.064383760,   29,   45,   25,   39,   25,   47,   31,   47
  200617, 60595.818508625,   35,   55,   27,   53,   35,   53,   35,   56
  200617, 60605.962931395,   25,   43,   17,   38,   19,   45,   27,   45
  200617, 60630.731476665,   12,   40,   10,   24,   17,   28,   13,   36
  200617, 60638.187684640,   27,   52,   27,   41,   32,   45,   28,   52
  200617, 60644.477601051,   12,   35,    8,   24,   12,   30,   13,   27
  200617, 60645.017173599,   12,   34,    9,   20,   13,   30,   14,   33
  200617, 60654.244890079,   12,   28,    7,   16,    5,   35,   13,   29
  200617, 60656.220905513,   33,   53,   31,   44,   37,   49,   34,   54
  200617, 60659.048641961,   28,   53,   28,   35,   28,   54,   29,   48
  200617, 60664.287812561,   10,   28,    3,   27,    9,   30,   10,   43
  200617, 60672.682095110,   23,   48,   25,   34,   26,   39,   23,   54
  200617, 60678.749991119,   12,   30,    7,   21,   13,   28,   11,   38
  200617, 60687.788832963,   21,   46,   14,   -1,   24,   42,   22,   45
  200617, 60688.326570988,    4,   23,    0,   17,    2,   20,    6,   21
  200617, 60691.495634645,   33,   60,   30,   45,   31,   51,   34,   61
  200617, 60698.294851959,   11,   29,    6,   18,    9,   28,   11,   31
  200617, 60708.109084003,   12,   27,    5,   23,    7,   24,   13,   29
  200617, 60716.703785062,   25,   -1,   20,   51,   22,   -1,   26,   -1
  200617, 60720.433559090,   30,   47,   28,   36,   26,   48,   30,   47
  200617, 60721.066330001,   19,   39,   12,   -1,   17,   -1,   19,   53
  200617, 60724.555712938,   14,   33,    9,   20,   12,   31,   14,   33
  200617, 60726.019660881,   15,   36,   11,   27,   14,   32,   17,   35
  200617, 60731.633740664,   31,   60,   26,   42,   27,   46,   32,   62
  200617, 60735.775519669,   30,   53,   26,   44,   31,   48,   32,   54
  200617, 60737.982654452,   27,   47,   23,   38,   25,   49,   28,   43
  200617, 60740.423981071,   14,   32,    9,   25,   12,   34,   15,   37
  200617, 60744.248734206,    4,   24,    0,   13,    4,   19,    4,   25
  200617, 60744.479123712,   36,   53,   29,   41,   28,   55,   39,   55
  200617, 60744.669460952,    7,   25,    1,   16,    8,   24,    7,   27
  200617, 60748.051731762,   24,   45,   22,   30,   21,   42,   24,   46
  200617, 60753.066617563,   27,   48,   19,   41,   25,   49,   29,   46
  200617, 60760.933797181,   16,   33,    9,   23,   12,   34,   15,   35
  200617, 60779.556026518,   25,   47,   18,   37,   28,   44,   27,   51
  200617, 60784.462747723,   14,   31,   12,   20,   13,   30,   14,   32
  200617, 60785.674572945,   27,   42,   22,   33,   24,   44,   25,   43
  200617, 60802.026182000,   14,   35,    6,   29,   12,   32,   16,   35
  200617, 60816.590880334,    3,   29,    1,   13,    1,   29,    3,   26
  200617, 60834.155994713,   32,   51,   29,   43,   32,   48,   31,   65
  200617, 60838.040681481,   14,   53,   15,   27,   19,   35,   18,   39
  200617, 60842.366801649,   11,   34,   11,   20,   11,   28,   13,   34
  200617, 60842.982690096,    6,   27,    3,   17,    3,   23,    9,   31
  200617, 60843.591121614,   19,   36,   13,   25,   14,   34,   17,   46
  200617, 60850.713547528,   20,   36,   14,   27,   15,   32,   19,   36
  200617, 60855.698643684,   29,   49,   23,   39,   27,   47,   30,   49
  200617, 60868.661688030,   16,   31,   10,   20,   13,   28,   18,   33
  200617, 60870.354300946,   34,   53,   30,   45,   33,   53,   34,   57
  200617, 60874.540933251,   18,   39,   16,   30,   19,   34,   20,   39
  200617, 60875.634151816,   13,   37,    9,   20,   12,   38,   13,   41
  200617, 60886.913190246,    7,   29,    0,   16,    5,   25,    9,   26
  200617, 60890.323793083,   27,   44,   22,   36,   24,   40,   29,   41
  200617, 60893.519199848,   15,   34,    9,   21,   15,   33,   16,   37
  200617, 60904.574624240,   31,   52,   25,   45,   30,   45,   32,   51
  200617, 60904.803403854,   14,   41,   10,   26,   11,   34,   16,   41
  200617, 60906.540267706,   27,   48,   22,   38,   29,   43,   28,   46
  200617, 60907.018332919,    7,   30,    2,   18,    7,   25,    9,   27
  200617, 60913.382182479,   32,   64,   25,   49,   33,   60,   34,   69
  200617, 60914.814437509,    9,   26,    6,   14,    7,   26,   11,   29
  200617, 60919.405606478,   14,   32,    9,   26,   13,   37,   14,   33
  200617, 60921.361113012,   27,   56,   24,   44,   27,   53,   29,   49
  200617, 60921.762092054,   39,   60,   30,   52,   40,   54,   39,   68
  200617, 60922.552806854,   14,   32,   12,   21,   16,   30,   13,   47
  200617, 60926.703250468,   11,   30,    9,   20,    7,   26,   11,   32
  200617, 60930.959813476,   37,   59,   29,   51,   38,   55,   39,   59
  200617, 60934.541693330,   20,   34,   14,   26,   16,   38,   21,   38
  200617, 60946.189355165,   15,   36,   14,   25,   16,   35,   14,   45
  200617, 60946.282893866,   13,   32,   10,   24,   11,   27,   13,   40
  200617, 60948.496717334,   14,   36,   10,   20,   14,   31,   15,   38
  200617, 60949.368818134,   30,   64,   32,   41,   33,   51,   31,   62
  200617, 60977.143108159,   25,   47,   25,   34,   24,   43,   26,   48
  200617, 60979.061333001,   11,   31,    4,   24,    7,   29,   11,   28
  200617, 60982.170674473,    6,   21,    2,   14,    3,   21,    7,   21
  200617, 60987.177846119,   29,   49,   28,   35,   27,   50,   29,   50
  200617, 60998.626217782,   21,   41,   18,   35,   22,   37,   21,   48
  200617, 60999.012748480,   30,   49,   25,   45,   29,   44,   31,   49
  200617, 61019.580137372,    5,   -1,    0,   47,    4,   -1,    6,   47
  200617, 61023.229178756,   27,   47,   23,   35,   27,   48,   29,   47
  200617, 61027.510633230,   21,   35,    7,   44,   17,   33,   19,   34
  200617, 61030.177316234,   33,   51,   31,   45,   33,   48,   34,   51
  200617, 61038.425473481,    1,   21,    4,   14,    8,   22,    4,   28
  200617, 61049.406910688,   10,   34,    8,   16,   10,   27,   12,   32
  200617, 61053.347078711,   25,   46,   24,   36,   24,   47,   25,   48
  200617, 61059.689142764,   30,   45,   29,   38,   28,   45,   32,   45
  200617, 61063.700251758,   35,   53,   31,   40,   27,   53,   36,   49
  200617, 61066.482650548,   18,   32,   13,   25,   15,   32,   18,   34
  200617, 61072.838288963,    8,   22,    6,   10,    4,   24,    9,   27
  200617, 61075.476013333,   26,   45,   16,   36,   21,   41,   29,   43
  200617, 61081.341629267,   24,   45,   22,   32,   22,   46,   25,   38
  200617, 61085.552152336,   23,   45,   18,   36,   25,   40,   23,   44
  200617, 61087.148938760,   36,   50,   29,   45,   32,   53,   36,   51
  200617, 61096.998033464,   25,   43,   16,   35,   23,   39,   26,   46
  200617, 61098.847832859,   21,   40,   22,   30,   19,   42,   23,   43
  200617, 61107.568706155,   30,   62,   27,   56,   28,   60,   31,   57
  200617, 61133.368170530,   17,   37,   14,   34,   17,   34,   17,   38
  200617, 61138.660811424,   32,   51,   26,   44,   29,   48,   33,   51
  200617, 61138.690929353,   29,   45,   25,   38,   25,   47,   31,   45
  200617, 61146.299226284,    3,   21,    1,   10,    2,   17,    4,   24
  200617, 61149.693509996,   32,   52,   25,   42,   31,   46,   32,   51
  200617, 61171.929946125,   29,   56,   26,   40,   32,   46,   32,   49
  200617, 61178.204529315,   23,   40,   20,   27,   22,   42,   25,   44
  200617, 61180.436232805,   10,   29,    1,   29,    6,   29,   11,   29
  200617, 61195.649790466,    4,   24,    1,   14,    3,   21,    6,   19
  200617, 61196.306870252,   35,   51,   31,   42,   33,   49,   35,   53
  200617, 61200.928140104,   17,   31,   15,   24,   13,   35,   18,   36
  200617, 61217.874571443,   37,   60,   27,   56,   37,   56,   37,   58
  200617, 61218.126589522,   30,   47,   30,   47,   36,   51,   31,   46
  200617, 61219.634736836,   24,   46,   22,   34,   25,   44,   27,   44
  200617, 61227.409504205,   11,   28,    6,   22,   12,   25,   10,   35
  200617, 61228.553394914,   22,   42,   22,   31,   21,   37,   23,   45
  200617, 61233.581501842,    1,   21,    0,   10,    1,   18,    2,   21
  200617, 61237.911322534,   17,   36,   15,   23,   16,   30,   18,   35
  200617, 61249.089076318,   28,   48,   23,   38,   27,   44,   28,   50
  200617, 61254.335465372,   16,   33,   11,   24,   15,   30,   17,   37
  200617, 61255.162117079,    6,   25,    3,   19,    4,   27,    5,   30
  200617, 61257.233114883,   20,   39,   17,   31,   19,   37,   18,   46
  200617, 61258.317707330,   24,   46,   23,   33,   26,   42,   25,   49
  200617, 61262.967037439,   25,   46,   21,   34,   25,   41,   25,   45
  200617, 61266.246839479,   26,   66,   25,   46,   32,   44,   29,   50
  200617, 61274.934035122,   16,   33,   10,   26,   14,   30,   17,   31
  200617, 61277.434057772,   26,   43,   20,   32,   23,   42,   28,   44
  200617, 61284.167198882,   26,   45,   17,   37,   23,   48,   27,   47
  200617, 61286.367690355,   31,   52,   33,   40,   32,   46,   32,   56
  200617, 61294.582481384,   14,   32,   12,   24,   16,   32,   14,   39
  200617, 61303.562977970,   23,   42,   20,   31,   24,   40,   22,   46
  200617, 61307.492348611,   31,   50,   23,   45,   29,   47,   33,   48
  200617, 61311.362387836,    8,   28,    2,   18,    7,   24,    9,   31
  200617, 61316.146342441,   31,   54,   29,   40,   32,   55,   29,   64
  200617, 61331.063264720,   15,   32,   11,   26,   15,   31,   18,   35
  200617, 61341.336890638,   31,   53,   28,   40,   28,   53,   34,   52
  200617, 61356.549372733,    6,   29,    4,   17,    7,   25,    7,   29
  200617, 61358.958526909,   16,   45,   12,   29,   16,   39,   17,   41
  200617, 61385.317596853,   18,   40,   13,   28,   17,   35,   18,   43
  200617, 61388.804646254,   16,   33,   12,   26,   17,   29,   15,   39
  200617, 61392.079455882,   21,   48,   16,   46,   25,   36,   22,   46
  200617, 61402.800445437,   18,   37,   12,   28,   15,   34,   19,   37
  200617, 61415.601152062,   12,   31,    9,   26,    8,   36,   13,   34
  200617, 61421.113310918,    4,   22,    1,   13,    3,   20,    5,   25
  200617, 61421.162765354,   32,   47,   28,   39,   31,   47,   33,   51
  200617, 61427.063565157,   20,   43,   14,   33,   22,   38,   19,   -1
  200617, 61431.781385362,    8,   36,    4,   26,    7,   38,    9,   37
  200617, 61440.792651057,   20,   43,   18,   29,   21,   36,   21,   39
  200617, 61444.633231401,   31,   51,   28,   42,   30,   50,   32,   51
  200617, 61444.656578302,   31,   50,   21,   55,   27,   52,   31,   49
  200617, 61449.097284600,   18,   44,   12,   32,   15,   39,   19,   38
  200617, 61454.006510480,   22,   52,   19,   36,   23,   40,   24,   41
  200617, 61455.184481233,   23,   39,   19,   27,   20,   43,   24,   40
  200617, 61455.961828709,    7,   27,    6,   12,    8,   21,    6,   35
  200617, 61461.868362904,   22,   46,   19,   34,   23,   41,   25,   40
  200617, 61463.677760720,   22,   41,   18,   31,   21,   39,   22,   41
  200617, 61478.654394567,   23,   36,   19,   28,   18,   42,   23,   41
  200617, 61481.609209299,   11,   25,    3,   21,    8,   28,   11,   32
  200617, 61482.230648845,   11,   28,    8,   17,   10,   25,   13,   28
  200617, 61482.240133673,   19,   41,   16,   29,   22,   37,   19,   44
  200617, 61490.001815400,    8,   24,    5,   12,    2,   25,    8,   23
  200617, 61499.716157138,   27,   49,   21,   36,   24,   41,   29,   47
  200617, 61503.856540263,   16,   34,   11,   26,   14,   29,   17,   35
  200617, 61511.383174092,   16,   33,   10,   27,   14,   30,   17,   36
  200617, 61516.896402061,   37,   60,   31,   54,   35,   58,   40,   61
  200617, 61536.538278699,   15,   37,   11,   26,   17,   35,   16,   41
  200617, 61538.859233856,   29,   57,   24,   43,   28,   50,   30,   53
  200617, 61542.651644588,   17,   37,   10,   23,   11,   37,   16,   40
  200617, 61543.061849400,   19,   41,   13,   37,   17,   39,   21,   43
  200617, 61549.032412000,   33,   50,   29,   42,   34,   49,   33,   53
  200617, 61563.393776834,    5,   23,    0,   12,    2,   19,    4,   30
  200617, 61576.064346999,   29,   46,   24,   36,   25,   48,   30,   46
  200617, 61578.800287485,   18,   37,   12,   27,   15,   29,   19,   38
  200617, 61585.443592638,    6,   29,    0,   18,    9,   20,    8,   25
  200617, 61592.372253358,   19,   35,    7,   33,   10,   25,   21,   33
  200617, 61594.942042589,   20,   41,   17,   31,   20,   37,   22,   40
  200617, 61597.948507667,   26,   52,   28,   39,   30,   43,   27,   53
  200617, 61601.836877465,   11,   35,    7,   17,    7,   33,   12,   29
  200617, 61605.832221270,    6,   26,    1,   12,    1,   22,    8,   24
  200617, 61611.369001001,   30,   53,   26,   38,   27,   49,   31,   48
  200617, 61615.277325124,   31,   49,   30,   40,   32,   46,   31,   54
  200617, 61615.395643950,   29,   51,   23,   50,   30,   44,   31,   52
  200617, 61635.383476764,   13,   28,    8,   21,    9,   28,   14,   31
  200617, 61637.582790375,   32,   54,   29,   41,   36,   47,   34,   51
  200617, 61642.825008810,   24,   42,   21,   31,   23,   42,   26,   45
  200617, 61644.461717486,   18,   34,   15,   24,   16,   33,   17,   42
  200617, 61658.167382166,   16,   37,    9,   25,   14,   30,   17,   37
  200617, 61662.102242403,   18,   41,   16,   29,   20,   35,   20,   39
  200617, 61672.759664655,   36,   54,   30,   54,   34,   58,   35,   64
  200617, 61674.881726325,   16,   42,   12,   27,   15,   46,   16,   44
  200617, 61686.391592532,   17,   39,   11,   26,   17,   32,   17,   38
  200617, 61701.438779116,   34,   50,   26,   46,   30,   52,   32,   59
  200617, 61701.975198567,   29,   50,   31,   42,   31,   46,   30,   52
  200617, 61707.142712355,   31,   66,   24,   56,   27,   66,   34,   56
  200617, 61709.779315054,   19,   42,   13,   26,   18,   33,   20,   38
  200617, 61716.141292080,   18,   36,   11,   28,   14,   32,   17,   36
  200617, 61718.370155007,   32,   56,   31,   43,   36,   49,   34,   59
  200617, 61718.936649382,   11,   30,    9,   20,   11,   26,   13,   32
  200617, 61721.437591851,   18,   42,   13,   29,   18,   39,   19,   41
  200617, 61722.996465981,   24,   50,   21,   34,   23,   50,   27,   45
  200617, 61731.461307675,   27,   51,   27,   37,   30,   47,   30,   47
  200617, 61732.457387358,   20,   40,   18,   29,   20,   39,   20,   42
  200617, 61736.093610361,   29,   54,   15,   35,   27,   -1,   27,   42
  200617, 61738.139273405,    7,   33,    6,   21,   11,   24,   10,   30
  200617, 61744.909599185,   34,   56,   30,   44,   33,   52,   36,   57
  200617, 61746.614739954,    6,   26,    3,   12,    2,   33,    7,   28
  200617, 61746.881343544,   30,   59,   28,   41,   33,   46,   32,   53
  200617, 61749.958759665,   33,   60,   26,   64,   33,   54,   32,   68
  200617, 61761.540662289,    9,   24,    5,   15,    6,   25,    7,   34
  200617, 61765.583506405,   22,   44,   16,   32,   25,   42,   23,   46
  200617, 61778.546318948,   15,   34,    7,   23,   13,   30,   16,   34
  200617, 61783.704985261,   18,   -1,   13,   -1,   18,   53,   19,   -1
  200617, 61787.556115389,   24,   46,   23,   32,   23,   49,   27,   45
  200617, 61788.281787425,   24,   40,   22,   31,   25,   41,   24,   48
  200617, 61808.760750294,   31,   49,   25,   38,   31,   42,   32,   50
  200617, 61809.712171018,   16,   37,   13,   26,   16,   34,   17,   37
  200617, 61843.237603202,   31,   50,   29,   41,   31,   48,   32,   56
  200617, 61848.089243323,   18,   34,    8,   31,   17,   31,   17,   41
  200617, 61849.324396968,   21,   37,   14,   33,   18,   40,   21,   41
  200617, 61849.553374827,   22,   43,   19,   32,   22,   41,   24,   48
  200617, 61850.004478960,   16,   34,   11,   31,   15,   34,   16,   41
  200617, 61853.859771013,   14,   41,   12,   23,    8,   27,   16,   30
  200617, 61855.435152441,   11,   35,    3,   29,    9,   29,   13,   27
  200617, 61857.836402774,    7,   26,    2,   14,    7,   23,    8,   27
  200617, 61861.307909369,    2,   24,    0,    9,    2,   19,    3,   24
  200617, 61863.422971666,   21,   40,   18,   33,   16,   41,   20,   49
  200617, 61866.861488223,   23,   40,   19,   29,   21,   40,   22,   43
  200617, 61867.235255077,   28,   54,   25,   37,   27,   51,   31,   47
  200617, 61869.825268209,   23,   41,   18,   32,   19,   42,   24,   42
  200617, 61872.471244276,   27,   54,   24,   36,   24,   50,   28,   55
  200617, 61876.267569602,    5,   24,    1,   12,    5,   23,    5,   26
  200617, 61877.169747919,    5,   23,    4,   11,    2,   22,    9,   22
  200617, 61883.048541479,   12,   40,    4,   26,   10,   41,   11,   -1
  200617, 61885.260304123,   10,   34,    6,   18,    8,   28,   10,   30
  200617, 61885.992952526,    7,   30,    3,   22,    8,   23,    8,   31
  200617, 61887.114305884,   20,   43,   15,   28,   19,   45,   23,   38
  200617, 61889.403427333,   24,   45,   16,   50,   21,   40,   23,   49
  200617, 61896.978958547,   10,   28,    7,   21,    9,   26,   10,   29
  200617, 61903.245273203,    6,   22,    2,   16,    5,   21,    6,   24
  200617, 61905.795064867,   12,   29,    6,   22,    8,   36,   14,   30
  200617, 61906.228747681,   36,   54,   25,   50,   34,   54,   34,   63
  200617, 61911.334843636,   11,   25,    7,   14,   10,   25,   12,   26
  200617, 61913.571126342,   29,   56,   27,   42,   30,   51,   29,   57
  200617, 61918.429552078,    8,   26,    1,   18,    8,   20,   10,   27
  200617, 61918.975410581,   10,   32,    7,   15,   10,   26,   13,   27
  200617, 61921.096607000,   17,   39,   14,   28,   13,   38,   19,   37
  200617, 61923.020394320,   30,   50,   24,   56,   30,   49,   33,   47
  200617, 61928.690500438,   23,   42,   19,   31,   21,   38,   23,   43
  200617, 61929.473475844,   28,   45,   24,   36,   26,   45,   30,   46
  200617, 61943.037177239,   24,   49,   24,   34,   27,   43,   27,   49
  200617, 61953.212122247,   15,   38,   11,   35,   17,   31,   17,   38
  200617, 61964.024205999,   12,   28,    5,   18,    9,   27,   11,   29
  200617, 61965.502690732,   10,   37,    7,   22,   11,   29,   12,   29
  200617, 61970.379073322,    8,   38,   10,   24,   14,   31,    9,   36
  200617, 61973.456922352,   30,   52,   27,   42,   33,   45,   31,   49
  200617, 61974.860217035,   18,   38,   11,   31,   19,   35,   19,   38
  200617, 61977.428181231,   27,   61,   22,   51,   25,   54,   30,   52
  200617, 61977.875434518,   21,   36,   14,   31,   17,   37,   22,   36
  200617, 61988.807174027,    5,   30,    0,   16,    5,   24,    7,   26
  200617, 61989.553737938,   21,   40,   18,   31,   18,   40,   23,   45
  200617, 61991.898571134,    4,   19,    0,    8,    3,   17,    4,   19
  200617, 62001.906400323,   35,   58,   28,   46,   36,   52,   35,   59
  200617, 62006.422459245,   19,   39,   17,   28,   16,   36,   20,   38
  200617, 62014.232937604,    4,   19,    0,   11,    3,   15,    4,   25
  200617, 62018.452755570,   23,   44,   21,   33,   25,   41,   24,   45
  200617, 62022.245233163,   10,   34,    6,   19,    9,   27,   13,   31
  200617, 62022.459869802,   20,   48,   17,   33,   18,   41,   23,   42
  200617, 62026.569603086,   34,   57,   31,   55,   35,   58,   34,   64
  200617, 62035.782985866,   32,   51,   30,   41,   30,   52,   31,   59
  200617, 62040.436596870,   23,   41,   18,   35,   20,   39,   22,   39
  200617, 62042.718184173,   34,   52,   29,   44,   33,   52,   33,   58
  200617, 62044.451379240,   15,   37,    9,   27,   15,   30,   16,   35
  200617, 62044.542796195,    5,   36,    2,   17,    6,   21,    9,   24
  200617, 62053.363485962,   18,   40,   11,   31,   20,   36,   19,   42
  200617, 62055.163625807,   36,   57,   28,   50,   34,   53,   35,   64
  200617, 62064.936625659,   33,   54,   29,   44,   34,   50,   34,   55
  200617, 62074.309334517,    2,   23,    0,   13,    7,   31,    3,   -1
  200617, 62078.508269429,    8,   27,    4,   19,    9,   25,    8,   28
  200617, 62079.301451415,   25,   48,   22,   33,   25,   41,   26,   47
  200617, 62109.541803956,   20,   38,   17,   28,   19,   37,   20,   37
  200617, 62111.322565407,    9,   30,    4,   17,    6,   25,   10,   30
  200617, 62112.070380881,   32,   49,   27,   43,   30,   45,   32,   51
  200617, 62115.504284859,   17,   36,   13,   27,   18,   29,   20,   36
  200617, 62116.728057683,    5,   29,    3,   15,    6,   22,    6,   32
  200617, 62121.455026597,   28,   50,   26,   42,   33,   46,   31,   51
  200617, 62122.839764297,   28,   46,   25,   37,   28,   48,   27,   48
  200617, 62125.152394965,   34,   56,   26,   47,   34,   52,   34,   56
  200617, 62125.203112245,   25,   46,   20,   36,   21,   40,   27,   41
  200617, 62130.999940693,   25,   46,   22,   33,   23,   49,   27,   44
  200617, 62133.124468960,   30,   59,   27,   49,   33,   52,   31,   51
  200617, 62133.826287627,   31,   49,   24,   40,   27,   53,   33,   48
  200617, 62136.431473494,    9,   43,    5,   37,    8,   -1,   10,   -1
  200617, 62139.273807734,   12,   33,    8,   23,    7,   34,   14,   33
  200617, 62139.424735725,   23,   46,   18,   34,   25,   39,   24,   42
  200617, 62143.040251318,    3,   26,    1,   16,    5,   22,    3,   30
  200617, 62148.530707419,   20,   41,   16,   30,   18,   36,   21,   39
  200617, 62150.242273122,   30,   53,   26,   41,   28,   55,   31,   56
  200617, 62157.811525047,   13,   33,   10,   27,   13,   31,   14,   33
  200617, 62161.838010013,   25,   44,   19,   32,   21,   43,   25,   43
  200617, 62168.246869758,   11,   29,    8,   22,   11,   26,   12,   31
  200617, 62181.863985658,   14,   37,   10,   30,   12,   37,   14,   39
  200617, 62187.990230739,   17,   35,   11,   28,   16,   33,   17,   37
  200617, 62200.913439631,   32,   44,   28,   35,   25,   45,   30,   56
  200617, 62201.667578101,   36,   59,   30,   48,   34,   56,   36,   64
  200617, 62210.784822464,   31,   53,   28,   41,   35,   49,   32,   55
  200617, 62219.389802814,   19,   32,   13,   24,   11,   34,   19,   36
  200617, 62247.258618534,   10,   30,    6,   17,    9,   26,   13,   27
  200617, 62249.500264943,   24,   44,   21,   35,   24,   40,   26,   45
  200617, 62249.710330307,    2,   28,    0,   10,    1,   17,    3,   25
  200617, 62250.679333806,   26,   46,   18,   36,   23,   43,   26,   46
  200617, 62265.781728983,   24,   46,   26,   32,   25,   40,   25,   46
  200617, 62266.155746207,    7,   27,    2,   24,    5,   23,    8,   28
  200617, 62267.372505397,   38,   56,   31,   57,   35,   54,   39,   59
  200617, 62273.836869180,   23,   50,   19,   38,   27,   45,   27,   44
  200617, 62276.862034261,   21,   39,   16,   30,   19,   37,   21,   37
  200617, 62286.684459507,   14,   34,   14,   21,   13,   30,   18,   32
  200617, 62292.126297280,   23,   39,   21,   29,   24,   39,   22,   42
  200617, 62300.638663411,    6,   28,    1,   15,    4,   22,    6,   28
  200617, 62302.736960053,    7,   24,    4,   17,    6,   31,    8,   28
  200617, 62305.969258368,   24,   54,   21,   42,   31,   46,   25,   51
  200617, 62308.158240363,   34,   53,   30,   44,   35,   57,   36,   53
  200617, 62316.236141965,    7,   27,    0,   17,    5,   23,    6,   38
  200617, 62317.922440708,   16,   31,    7,   33,    6,   30,   12,   47
  200617, 62327.749138057,   11,   29,    5,   20,    8,   25,   12,   30
  200617, 62331.868927717,   30,   47,   23,   40,   28,   44,   31,   51
  200617, 62332.010770040,   29,   52,   28,   42,   31,   46,   29,   53
  200617, 62335.796974599,    6,   33,    2,   20,    6,   36,    7,   32
  200617, 62337.342633843,   20,   42,   21,   33,   16,   47,   17,   59
  200617, 62350.652638733,   27,   49,   23,   38,   27,   44,   28,   51
  200617, 62368.416318893,   18,   37,   15,   25,   14,   42,   20,   35
  200617, 62372.143058047,   31,   49,   26,   38,   27,   46,   31,   51
  200617, 62379.245654836,    9,   24,    6,   15,    5,   32,   10,   28
  200617, 62383.574076772,   29,   46,   21,   39,   21,   35,   30,   47
  200617, 62387.921408653,   10,   34,    3,   19,    7,   27,    9,   33
  200617, 62388.682454765,   15,   31,   13,   22,   15,   29,   15,   34
  200617, 62390.650595367,   14,   37,    9,   23,   16,   32,   16,   31
  200617, 62392.382765800,   19,   39,   17,   34,   20,   44,   20,   50
  200617, 62393.676188946,   23,   38,   15,   34,   22,   36,   23,   41
  200617, 62396.877551079,   28,   48,   24,   39,   28,   54,   27,   55
  200617, 62402.317508876,   29,   51,   24,   54,   29,   49,   28,   55
  200617, 62403.649398327,    4,   27,    0,   31,    4,   34,    5,   35
  200617, 62412.158354476,    3,   28,    0,   13,    5,   20,    5,   23
  200617, 62414.108922042,   30,   52,   24,   51,   32,   50,   31,   57
  200617, 62418.882895589,   12,   30,    8,   24,   11,   29,   12,   33
  200617, 62422.685893714,   12,   40,   11,   22,   11,   42,   13,   33
  200617, 62437.185784400,   35,   55,   30,   44,   34,   53,   36,   50
  200617, 62438.032221399,   18,   31,    8,   29,   13,   30,   16,   34
  200617, 62439.105626561,   14,   33,    9,   28,   12,   32,   16,   34
  200617, 62449.174536794,   37,   59,   29,   50,   36,   52,   40,   56
  200617, 62454.956596553,   19,   44,   18,   27,   17,   38,   20,   40
  200617, 62462.155869439,   33,   67,   29,   55,   32,   58,   38,   58
  200617, 62476.345261127,   31,   53,   29,   41,   32,   47,   32,   51
  200617, 62491.010119000,   13,   30,    7,   19,   13,   28,   13,   33
  200617, 62493.243551433,   32,   49,   28,   38,   28,   49,   34,   51
  200617, 62508.668064594,   35,   50,   28,   43,   31,   48,   35,   54
  200617, 62510.956941903,   11,   28,    7,   20,   11,   27,   12,   29
  200617, 62511.498908043,   28,   43,   22,   40,   22,   44,   29,   44
  200617, 62513.574901521,   15,   42,   10,   24,   17,   33,   16,   38
  200617, 62517.498359293,   17,   60,   19,   28,   19,   51,   19,   51
  200617, 62531.633679867,   35,   53,   30,   41,   30,   55,   37,   53
  200617, 62533.676539123,   17,   39,   14,   30,   13,   42,   17,   41
  200617, 62534.225217193,   23,   46,   20,   35,   24,   41,   25,   45
  200617, 62534.691418588,   34,   48,   24,   57,   31,   54,   37,   52
  200617, 62539.821005046,   18,   38,   16,   26,   18,   32,   19,   39
  200617, 62545.012285120,   15,   37,   10,   24,   14,   32,   17,   33
  200617, 62546.608269989,    9,   30,    8,   19,   12,   27,    9,   34
  200617, 62556.765628815,    6,   33,    7,   16,   11,   25,    7,   32
  200617, 62566.226355195,    7,   27,    1,   27,   10,   27,    7,   30
  200617, 62573.237136796,   11,   45,    9,   23,   10,   37,   12,   40
  200617, 62574.006678520,    6,   25,    7,   12,    7,   21,    5,   34
  200617, 62574.498994172,   12,   32,   12,   17,   13,   32,   12,   37
  200617, 62577.679232657,    7,   24,    4,   16,    5,   28,    8,   26
  200617, 62579.351514041,   27,   45,   27,   35,   27,   44,   29,   46
  200617, 62580.846527755,   16,   34,   13,   22,   13,   30,   17,   34
  200617, 62581.179133117,   14,   37,   13,   19,   13,   34,   15,   33
  200617, 62599.808014095,   28,   46,   24,   38,   27,   43,   28,   50
  200617, 62605.968337178,   20,   41,   14,   30,   17,   40,   18,   50
  200617, 62611.210919157,   11,   29,    5,   36,    8,   27,   13,   32
  200617, 62629.540484786,    9,   26,    0,   22,    4,   24,   10,   26
  200617, 62643.260279924,   13,   30,    5,   24,    8,   31,   14,   28
  200617, 62644.101887561,   19,   37,   17,   25,   15,   41,   22,   34
  200617, 62648.091337077,   34,   53,   31,   43,   33,   49,   34,   53
  200617, 62648.503906727,   36,   51,   30,   41,   30,   54,   35,   64
  200617, 62659.736711562,   11,   35,    9,   24,   13,   27,   10,   45
